"","code","class","light_order","light_colour","light_type","type_order","light_side","control_side","species","trial_number","wing_length","mls","light_mode","control_light","LightFact","TypeFact","total_new"
"1","stationary_control",4,"1","amber","continuous","2","left","right","spotted","2",33.627,"under","off","control","off","off",300
"2","stationary_light",2,"1","amber","continuous","1","right","left","spotted","3",37.201,"under","off","light","off","off",300
"3","stationary_light",2,"3","blue","continuous","1","right","left","spotted","3",37.201,"under","off","light","off","off",300
"4","stationary_control",4,"2","green","continuous","1","left","right","spotted","3",37.201,"under","off","control","off","off",300
"5","stationary_control",4,"4","royalblue","continuous","1","left","right","spotted","3",37.201,"under","off","control","off","off",300
"6","stationary_light",2,"6","blue","flashing","2","right","left","spotted","3",37.201,"under","off","light","off","off",300
"7","stationary_light",2,"2","amber","continuous","1","right","left","spotted","4",32.184,"under","off","light","off","off",300
"8","stationary_control",4,"3","blue","continuous","1","left","right","spotted","4",32.184,"under","off","control","off","off",300
"9","stationary_control",4,"5","green","continuous","1","left","right","spotted","4",32.184,"under","off","control","off","off",300
"10","stationary_light",2,"6","red","continuous","1","right","left","spotted","4",32.184,"under","off","light","off","off",300
"11","stationary_light",2,"4","white","continuous","1","right","left","spotted","4",32.184,"under","off","light","off","off",300
"12","stationary_light",2,"6","red","flashing","2","left","right","spotted","4",32.184,"under","off","light","off","off",300
"13","stationary_control",4,"5","royalblue","flashing","2","right","left","spotted","4",32.184,"under","off","control","off","off",300
"14","stationary_light",2,"4","white","flashing","2","left","right","spotted","4",32.184,"under","off","light","off","off",300
"15","stationary_light",2,"4","amber","continuous","2","left","right","blonde","5",53.026,"over","off","light","off","off",300
"16","stationary_control",4,"2","red","continuous","2","right","left","blonde","5",53.026,"over","off","control","off","off",300
"17","stationary_control",4,"5","royalblue","continuous","2","right","left","blonde","5",53.026,"over","off","control","off","off",300
"18","stationary_light",2,"6","white","continuous","2","left","right","blonde","5",53.026,"over","off","light","off","off",300
"19","stationary_control",4,"6","green","flashing","1","left","right","blonde","5",53.026,"over","off","control","off","off",300
"20","stationary_control",4,"4","red","flashing","1","right","left","blonde","5",53.026,"over","off","control","off","off",300
"21","stationary_light",2,"4","amber","continuous","1","right","left","blonde","6",15.871,"under","off","light","off","off",300
"22","stationary_light",2,"6","green","continuous","1","right","left","blonde","6",15.871,"under","off","light","off","off",300
"23","stationary_control",4,"5","royalblue","continuous","1","left","right","blonde","6",15.871,"under","off","control","off","off",300
"24","stationary_control",4,"6","red","flashing","2","left","right","blonde","6",15.871,"under","off","control","off","off",300
"25","stationary_light",2,"4","royalblue","flashing","1","right","left","blonde","7",22.092,"under","off","light","off","off",300
"26","stationary_control",4,"5","white","flashing","1","left","right","blonde","7",22.092,"under","off","control","off","off",300
"27","stationary_control",4,"6","amber","continuous","1","right","left","blonde","8",23.02,"under","off","control","off","off",300
"28","stationary_light",2,"3","blue","continuous","1","left","right","blonde","8",23.02,"under","off","light","off","off",300
"29","stationary_control",4,"4","royalblue","continuous","1","right","left","blonde","8",23.02,"under","off","control","off","off",300
"30","stationary_light",2,"5","white","continuous","1","left","right","blonde","8",23.02,"under","off","light","off","off",300
"31","stationary_control",4,"5","blue","flashing","2","right","left","blonde","8",23.02,"under","off","control","off","off",300
"32","stationary_light",2,"4","red","flashing","2","left","right","blonde","8",23.02,"under","off","light","off","off",300
"33","stationary_light",2,"6","white","flashing","2","left","right","blonde","8",23.02,"under","off","light","off","off",300
"34","stationary_control",4,"4","blue","continuous","2","left","right","blonde","9",22.637,"under","off","control","off","off",300
"35","stationary_light",2,"3","red","continuous","2","right","left","blonde","9",22.637,"under","off","light","off","off",300
"36","stationary_light",2,"5","royalblue","continuous","2","right","left","blonde","9",22.637,"under","off","light","off","off",300
"37","stationary_control",4,"6","white","continuous","2","left","right","blonde","9",22.637,"under","off","control","off","off",300
"38","stationary_control",4,"4","amber","flashing","1","right","left","blonde","9",22.637,"under","off","control","off","off",300
"39","stationary_light",2,"3","blue","flashing","1","left","right","blonde","9",22.637,"under","off","light","off","off",300
"40","stationary_light",2,"5","green","flashing","1","left","right","blonde","9",22.637,"under","off","light","off","off",300
"41","stationary_control",4,"6","red","flashing","1","right","left","blonde","9",22.637,"under","off","control","off","off",300
"42","stationary_light",2,"1","royalblue","flashing","1","left","right","blonde","9",22.637,"under","off","light","off","off",300
"43","stationary_control",4,"2","white","flashing","1","right","left","blonde","9",22.637,"under","off","control","off","off",300
"44","stationary_light",2,"5","amber","continuous","2","left","right","spotted","10",33.765,"under","off","light","off","off",300
"45","stationary_light",2,"3","blue","continuous","2","left","right","spotted","10",33.765,"under","off","light","off","off",300
"46","stationary_control",4,"4","red","continuous","2","right","left","spotted","10",33.765,"under","off","control","off","off",300
"47","stationary_control",4,"6","white","continuous","2","right","left","spotted","10",33.765,"under","off","control","off","off",300
"48","stationary_light",2,"3","red","flashing","1","right","left","spotted","10",33.765,"under","off","light","off","off",300
"49","stationary_control",4,"4","royalblue","flashing","1","left","right","spotted","10",33.765,"under","off","control","off","off",300
"50","stationary_control",4,"1","amber","continuous","1","right","left","spotted","11",38.35,"under","off","control","off","off",300
"51","stationary_light",2,"4","blue","continuous","1","left","right","spotted","11",38.35,"under","off","light","off","off",300
"52","stationary_light",2,"2","green","continuous","1","left","right","spotted","11",38.35,"under","off","light","off","off",300
"53","stationary_control",4,"3","red","continuous","1","right","left","spotted","11",38.35,"under","off","control","off","off",300
"54","stationary_light",2,"6","royalblue","continuous","1","left","right","spotted","11",38.35,"under","off","light","off","off",300
"55","stationary_control",4,"5","white","continuous","1","right","left","spotted","11",38.35,"under","off","control","off","off",300
"56","stationary_control",4,"2","amber","flashing","2","right","left","spotted","11",38.35,"under","off","control","off","off",300
"57","stationary_control",4,"6","blue","flashing","2","right","left","spotted","11",38.35,"under","off","control","off","off",300
"58","stationary_light",2,"3","green","flashing","2","left","right","spotted","11",38.35,"under","off","light","off","off",300
"59","stationary_light",2,"1","red","flashing","2","left","right","spotted","11",38.35,"under","off","light","off","off",300
"60","stationary_light",2,"3","royalblue","flashing","2","left","right","spotted","11",38.35,"under","off","light","off","off",300
"61","stationary_control",4,"4","white","flashing","2","right","left","spotted","11",38.35,"under","off","control","off","off",300
"62","stationary_light",2,"4","green","continuous","2","right","left","smalleye","12",42.69,"under","off","light","off","off",300
"63","stationary_control",4,"3","red","continuous","1","left","right","smalleye","12",42.69,"under","off","control","off","off",300
"64","stationary_control",4,"5","white","continuous","2","left","right","smalleye","12",42.69,"under","off","control","off","off",300
"65","stationary_control",4,"6","amber","flashing","1","right","left","smalleye","12",42.69,"under","off","control","off","off",300
"66","stationary_light",2,"2","blue","flashing","1","right","left","smalleye","12",42.69,"under","off","light","off","off",300
"67","stationary_control",4,"3","red","flashing","1","left","right","smalleye","12",42.69,"under","off","control","off","off",300
"68","stationary_light",2,"4","white","flashing","1","right","left","smalleye","12",42.69,"under","off","light","off","off",300
"69","stationary_light",2,"5","amber","continuous","1","right","left","smalleye","13",41.709,"under","off","light","off","off",300
"70","stationary_control",4,"4","blue","continuous","2","left","right","smalleye","13",41.709,"under","off","control","off","off",300
"71","stationary_control",4,"6","royalblue","continuous","1","left","right","smalleye","13",41.709,"under","off","control","off","off",300
"72","stationary_control",2,"6","amber","flashing","2","left","right","smalleye","13",41.709,"under","off","control","off","off",300
"73","stationary_light",2,"6","blue","flashing","2","right","left","smalleye","13",41.709,"under","off","light","off","off",300
"74","stationary_control",4,"4","royalblue","flashing","2","left","right","smalleye","13",41.709,"under","off","control","off","off",300
"75","stationary_light",2,"3","white","flashing","2","right","left","smalleye","13",41.709,"under","off","light","off","off",300
"76","stationary_control",4,"5","amber","flashing","2","left","right","blonde","14",19.584,"under","off","control","off","off",300
"77","stationary_light",2,"4","blue","flashing","2","right","left","blonde","14",19.584,"under","off","light","off","off",300
"78","stationary_light",2,"6","red","flashing","2","right","left","blonde","14",19.584,"under","off","light","off","off",300
"79","stationary_light",2,"6","green","continuous","2","left","right","blonde","15",18.886,"under","off","light","off","off",300
"80","stationary_light",2,"5","amber","flashing","1","right","left","blonde","15",18.886,"under","off","light","off","off",300
"81","stationary_control",4,"6","green","flashing","1","left","right","blonde","15",18.886,"under","off","control","off","off",300
"82","stationary_light",2,"3","red","flashing","1","right","left","blonde","15",18.886,"under","off","light","off","off",300
"83","stationary_control",4,"4","white","flashing","1","left","right","blonde","15",18.886,"under","off","control","off","off",300
"84","stationary_control",4,"5","green","continuous","1","left","right","blonde","16",16.53,"under","off","control","off","off",300
"85","stationary_light",2,"4","red","continuous","1","right","left","blonde","16",16.53,"under","off","light","off","off",300
"86","stationary_light",2,"6","royalblue","continuous","1","right","left","blonde","16",16.53,"under","off","light","off","off",300
"87","stationary_control",4,"3","amber","flashing","2","left","right","blonde","16",16.53,"under","off","control","off","off",300
"88","stationary_control",4,"5","blue","flashing","2","left","right","blonde","16",16.53,"under","off","control","off","off",300
"89","stationary_light",2,"4","green","flashing","2","right","left","blonde","16",16.53,"under","off","light","off","off",300
"90","stationary_light",2,"6","royalblue","flashing","2","left","right","blonde","16",16.53,"under","off","light","off","off",300
"91","stationary_light",2,"1","amber","continuous","2","right","left","spotted","17",18.007,"under","off","light","off","off",300
"92","stationary_light",2,"5","blue","continuous","2","right","left","spotted","17",18.007,"under","off","light","off","off",300
"93","stationary_control",4,"6","green","continuous","2","left","right","spotted","17",18.007,"under","off","control","off","off",300
"94","stationary_light",2,"3","red","continuous","2","right","left","spotted","17",18.007,"under","off","light","off","off",300
"95","stationary_control",4,"2","royalblue","continuous","2","left","right","spotted","17",18.007,"under","off","control","off","off",300
"96","stationary_control",4,"4","white","continuous","2","left","right","spotted","17",18.007,"under","off","control","off","off",300
"97","stationary_control",4,"1","amber","flashing","1","right","left","spotted","17",18.007,"under","off","control","off","off",300
"98","stationary_light",2,"6","blue","flashing","1","left","right","spotted","17",18.007,"under","off","light","off","off",300
"99","stationary_light",2,"2","green","flashing","1","left","right","spotted","17",18.007,"under","off","light","off","off",300
"100","stationary_light",2,"4","red","flashing","1","left","right","spotted","17",18.007,"under","off","light","off","off",300
"101","stationary_control",4,"5","royalblue","flashing","1","right","left","spotted","17",18.007,"under","off","control","off","off",300
"102","stationary_control",4,"1","white","flashing","1","right","left","spotted","17",18.007,"under","off","control","off","off",300
"103","stationary_light",2,"4","amber","continuous","1","right","left","spotted","18",13.458,"under","off","light","off","off",300
"104","stationary_light",2,"6","blue","continuous","1","right","left","spotted","18",13.458,"under","off","light","off","off",300
"105","stationary_light",2,"2","green","continuous","1","right","left","spotted","18",13.458,"under","off","light","off","off",300
"106","stationary_control",4,"3","red","continuous","1","left","right","spotted","18",13.458,"under","off","control","off","off",300
"107","stationary_light",2,"5","royalblue","continuous","1","left","right","spotted","18",13.458,"under","off","light","off","off",300
"108","stationary_control",4,"1","white","continuous","1","left","right","spotted","18",13.458,"under","off","control","off","off",300
"109","stationary_control",4,"4","amber","flashing","2","right","left","spotted","18",13.458,"under","off","control","off","off",300
"110","stationary_control",4,"6","blue","flashing","2","right","left","spotted","18",13.458,"under","off","control","off","off",300
"111","stationary_light",2,"5","green","flashing","2","left","right","spotted","18",13.458,"under","off","light","off","off",300
"112","stationary_light",2,"1","red","flashing","2","left","right","spotted","18",13.458,"under","off","light","off","off",300
"113","stationary_control",4,"2","royalblue","flashing","2","right","left","spotted","18",13.458,"under","off","control","off","off",300
"114","stationary_light",2,"3","white","flashing","2","left","right","spotted","18",13.458,"under","off","light","off","off",300
"115","stationary_control",4,"2","amber","continuous","1","right","left","blonde","20",27.627,"under","off","control","off","off",300
"116","stationary_control",4,"6","green","continuous","1","right","left","blonde","20",27.627,"under","off","control","off","off",300
"117","stationary_control",4,"4","red","continuous","1","right","left","blonde","20",27.627,"under","off","control","off","off",300
"118","stationary_light",2,"5","royalblue","continuous","1","left","right","blonde","20",27.627,"under","off","light","off","off",300
"119","stationary_light",2,"3","white","continuous","1","left","right","blonde","20",27.627,"under","off","light","off","off",300
"120","stationary_light",2,"2","amber","flashing","2","right","left","blonde","20",27.627,"under","off","light","off","off",300
"121","stationary_light",2,"5","green","flashing","2","right","left","blonde","20",27.627,"under","off","light","off","off",300
"122","stationary_control",4,"6","royalblue","flashing","2","left","right","blonde","20",27.627,"under","off","control","off","off",300
"123","stationary_light",2,"5","green","continuous","2","right","left","spotted","21",31.901,"under","off","light","off","off",300
"124","stationary_control",4,"6","red","continuous","2","left","right","spotted","21",31.901,"under","off","control","off","off",300
"125","stationary_control",4,"4","royalblue","continuous","2","left","right","spotted","21",31.901,"under","off","control","off","off",300
"126","stationary_light",2,"6","amber","flashing","1","left","right","spotted","21",31.901,"under","off","light","off","off",300
"127","stationary_light",2,"5","amber","continuous","1","left","right","spotted","22",29.018,"under","off","light","off","off",300
"128","stationary_control",4,"4","blue","continuous","1","right","left","spotted","22",29.018,"under","off","control","off","off",300
"129","stationary_light",2,"1","green","continuous","1","left","right","spotted","22",29.018,"under","off","light","off","off",300
"130","stationary_control",4,"6","red","continuous","1","right","left","spotted","22",29.018,"under","off","control","off","off",300
"131","stationary_control",4,"2","royalblue","continuous","1","right","left","spotted","22",29.018,"under","off","control","off","off",300
"132","stationary_light",2,"3","white","continuous","1","left","right","spotted","22",29.018,"under","off","light","off","off",300
"133","stationary_control",4,"4","amber","flashing","2","right","left","spotted","22",29.018,"under","off","control","off","off",300
"134","stationary_light",2,"5","blue","flashing","2","left","right","spotted","22",29.018,"under","off","light","off","off",300
"135","stationary_control",4,"2","green","flashing","2","right","left","spotted","22",29.018,"under","off","control","off","off",300
"136","stationary_control",4,"6","red","flashing","2","right","left","spotted","22",29.018,"under","off","control","off","off",300
"137","stationary_light",2,"3","royalblue","flashing","2","left","right","spotted","22",29.018,"under","off","light","off","off",300
"138","stationary_light",2,"1","white","flashing","2","left","right","spotted","22",29.018,"under","off","light","off","off",300
"139","stationary_light",2,"1","green","continuous","2","right","left","spotted","23",48.91,"over","off","light","off","off",300
"140","stationary_light",2,"5","red","continuous","2","right","left","spotted","23",48.91,"over","off","light","off","off",300
"141","stationary_control",4,"2","royalblue","continuous","2","left","right","spotted","23",48.91,"over","off","control","off","off",300
"142","stationary_control",4,"6","amber","flashing","1","left","right","spotted","23",48.91,"over","off","control","off","off",300
"143","stationary_control",4,"4","blue","flashing","1","left","right","spotted","23",48.91,"over","off","control","off","off",300
"144","stationary_light",2,"5","green","flashing","1","right","left","spotted","23",48.91,"over","off","light","off","off",300
"145","stationary_light",2,"3","red","flashing","1","right","left","spotted","23",48.91,"over","off","light","off","off",300
"146","stationary_control",4,"2","royalblue","flashing","1","left","right","spotted","23",48.91,"over","off","control","off","off",300
"147","stationary_light",2,"4","royalblue","continuous","2","right","left","blonde","24",24.916,"under","off","light","off","off",300
"148","stationary_light",2,"6","red","flashing","1","right","left","blonde","24",24.916,"under","off","light","off","off",300
"149","stationary_light",2,"4","royalblue","flashing","1","right","left","blonde","24",24.916,"under","off","light","off","off",300
"150","stationary_light",2,"2","blue","continuous","1","left","right","blonde","25",28.174,"under","off","light","off","off",300
"151","stationary_control",4,"3","green","continuous","1","right","left","blonde","25",28.174,"under","off","control","off","off",300
"152","stationary_light",2,"6","red","continuous","1","left","right","blonde","25",28.174,"under","off","light","off","off",300
"153","stationary_light",2,"4","royalblue","continuous","1","left","right","blonde","25",28.174,"under","off","light","off","off",300
"154","stationary_control",4,"5","white","continuous","1","right","left","blonde","25",28.174,"under","off","control","off","off",300
"155","stationary_control",4,"6","white","flashing","2","left","right","blonde","25",28.174,"under","off","control","off","off",300
"156","stationary_light",2,"6","amber","continuous","2","right","left","blonde","26",20.015,"under","off","light","off","off",300
"157","stationary_control",4,"3","blue","continuous","2","left","right","blonde","26",20.015,"under","off","control","off","off",300
"158","stationary_light",2,"2","green","continuous","2","right","left","blonde","26",20.015,"under","off","light","off","off",300
"159","stationary_control",4,"5","red","continuous","2","left","right","blonde","26",20.015,"under","off","control","off","off",300
"160","stationary_light",2,"4","royalblue","continuous","2","right","left","blonde","26",20.015,"under","off","light","off","off",300
"161","stationary_light",2,"6","amber","flashing","1","right","left","blonde","26",20.015,"under","off","light","off","off",300
"162","stationary_light",2,"2","green","flashing","1","right","left","blonde","26",20.015,"under","off","light","off","off",300
"163","stationary_control",4,"3","red","flashing","1","left","right","blonde","26",20.015,"under","off","control","off","off",300
"164","stationary_light",2,"4","royalblue","flashing","1","right","left","blonde","26",20.015,"under","off","light","off","off",300
"165","stationary_control",4,"5","white","flashing","1","left","right","blonde","26",20.015,"under","off","control","off","off",300
"166","stationary_light",2,"4","amber","continuous","2","left","right","spotted","27",24.797,"under","off","light","off","off",300
"167","stationary_control",4,"3","blue","continuous","2","right","left","spotted","27",24.797,"under","off","control","off","off",300
"168","stationary_light",2,"6","green","continuous","2","left","right","spotted","27",24.797,"under","off","light","off","off",300
"169","stationary_control",4,"1","red","continuous","2","right","left","spotted","27",24.797,"under","off","control","off","off",300
"170","stationary_light",2,"2","royalblue","continuous","2","left","right","spotted","27",24.797,"under","off","light","off","off",300
"171","stationary_control",4,"5","white","continuous","2","right","left","spotted","27",24.797,"under","off","control","off","off",300
"172","stationary_light",2,"3","amber","flashing","1","right","left","spotted","27",24.797,"under","off","light","off","off",300
"173","stationary_control",4,"6","blue","flashing","1","left","right","spotted","27",24.797,"under","off","control","off","off",300
"174","stationary_control",4,"4","green","flashing","1","left","right","spotted","27",24.797,"under","off","control","off","off",300
"175","stationary_light",2,"5","red","flashing","1","right","left","spotted","27",24.797,"under","off","light","off","off",300
"176","stationary_light",2,"1","royalblue","flashing","1","right","left","spotted","27",24.797,"under","off","light","off","off",300
"177","stationary_control",4,"2","white","flashing","1","left","right","spotted","27",24.797,"under","off","control","off","off",300
"178","END",0,"1","amber","continuous","2","left","right","spotted","2",33.627,"under","on","control","amber","continuous",300
"179","END",0,"1","amber","continuous","1","right","left","spotted","3",37.201,"under","on","light","amber","continuous",300
"180","END",0,"3","blue","continuous","1","right","left","spotted","3",37.201,"under","on","light","blue","continuous",300
"181","END",0,"2","green","continuous","1","left","right","spotted","3",37.201,"under","on","control","green","continuous",300
"182","END",0,"4","royalblue","continuous","1","left","right","spotted","3",37.201,"under","on","control","royalblue","continuous",300
"183","END",0,"6","blue","flashing","2","right","left","spotted","3",37.201,"under","on","light","blue","flashing",300
"184","END",0,"2","amber","continuous","1","right","left","spotted","4",32.184,"under","on","light","amber","continuous",300
"185","END",0,"3","blue","continuous","1","left","right","spotted","4",32.184,"under","on","control","blue","continuous",300
"186","END",0,"5","green","continuous","1","left","right","spotted","4",32.184,"under","on","control","green","continuous",300
"187","END",0,"6","red","continuous","1","right","left","spotted","4",32.184,"under","on","light","red","continuous",300
"188","END",0,"4","white","continuous","1","right","left","spotted","4",32.184,"under","on","light","white","continuous",300
"189","END",0,"6","red","flashing","2","left","right","spotted","4",32.184,"under","on","light","red","flashing",300
"190","END",0,"5","royalblue","flashing","2","right","left","spotted","4",32.184,"under","on","control","royalblue","flashing",300
"191","END",0,"4","white","flashing","2","left","right","spotted","4",32.184,"under","on","light","white","flashing",300
"192","END",0,"4","amber","continuous","2","left","right","blonde","5",53.026,"over","on","light","amber","continuous",300
"193","END",0,"2","red","continuous","2","right","left","blonde","5",53.026,"over","on","control","red","continuous",300
"194","END",0,"5","royalblue","continuous","2","right","left","blonde","5",53.026,"over","on","control","royalblue","continuous",300
"195","END",0,"6","white","continuous","2","left","right","blonde","5",53.026,"over","on","light","white","continuous",300
"196","END",0,"6","green","flashing","1","left","right","blonde","5",53.026,"over","on","control","green","flashing",300
"197","END",0,"4","red","flashing","1","right","left","blonde","5",53.026,"over","on","control","red","flashing",300
"198","END",0,"4","amber","continuous","1","right","left","blonde","6",15.871,"under","on","light","amber","continuous",300
"199","END",0,"6","green","continuous","1","right","left","blonde","6",15.871,"under","on","light","green","continuous",300
"200","END",0,"5","royalblue","continuous","1","left","right","blonde","6",15.871,"under","on","control","royalblue","continuous",300
"201","END",0,"6","red","flashing","2","left","right","blonde","6",15.871,"under","on","control","red","flashing",300
"202","END",0,"4","royalblue","flashing","1","right","left","blonde","7",22.092,"under","on","light","royalblue","flashing",300
"203","END",0,"5","white","flashing","1","left","right","blonde","7",22.092,"under","on","control","white","flashing",300
"204","END",0,"6","amber","continuous","1","right","left","blonde","8",23.02,"under","on","control","amber","continuous",300
"205","END",0,"3","blue","continuous","1","left","right","blonde","8",23.02,"under","on","light","blue","continuous",300
"206","END",0,"4","royalblue","continuous","1","right","left","blonde","8",23.02,"under","on","control","royalblue","continuous",300
"207","END",0,"5","white","continuous","1","left","right","blonde","8",23.02,"under","on","light","white","continuous",300
"208","END",0,"5","blue","flashing","2","right","left","blonde","8",23.02,"under","on","control","blue","flashing",300
"209","END",0,"4","red","flashing","2","left","right","blonde","8",23.02,"under","on","light","red","flashing",300
"210","END",0,"6","white","flashing","2","left","right","blonde","8",23.02,"under","on","light","white","flashing",300
"211","END",0,"4","blue","continuous","2","left","right","blonde","9",22.637,"under","on","control","blue","continuous",300
"212","END",0,"3","red","continuous","2","right","left","blonde","9",22.637,"under","on","light","red","continuous",300
"213","END",0,"5","royalblue","continuous","2","right","left","blonde","9",22.637,"under","on","light","royalblue","continuous",300
"214","END",0,"6","white","continuous","2","left","right","blonde","9",22.637,"under","on","control","white","continuous",300
"215","END",0,"4","amber","flashing","1","right","left","blonde","9",22.637,"under","on","control","amber","flashing",300
"216","END",0,"3","blue","flashing","1","left","right","blonde","9",22.637,"under","on","light","blue","flashing",300
"217","END",0,"5","green","flashing","1","left","right","blonde","9",22.637,"under","on","light","green","flashing",300
"218","END",0,"6","red","flashing","1","right","left","blonde","9",22.637,"under","on","control","red","flashing",300
"219","END",0,"1","royalblue","flashing","1","left","right","blonde","9",22.637,"under","on","light","royalblue","flashing",300
"220","END",0,"2","white","flashing","1","right","left","blonde","9",22.637,"under","on","control","white","flashing",300
"221","END",0,"5","amber","continuous","2","left","right","spotted","10",33.765,"under","on","light","amber","continuous",300
"222","END",0,"3","blue","continuous","2","left","right","spotted","10",33.765,"under","on","light","blue","continuous",300
"223","END",0,"4","red","continuous","2","right","left","spotted","10",33.765,"under","on","control","red","continuous",300
"224","END",0,"6","white","continuous","2","right","left","spotted","10",33.765,"under","on","control","white","continuous",300
"225","END",0,"3","red","flashing","1","right","left","spotted","10",33.765,"under","on","light","red","flashing",300
"226","END",0,"4","royalblue","flashing","1","left","right","spotted","10",33.765,"under","on","control","royalblue","flashing",300
"227","END",0,"1","amber","continuous","1","right","left","spotted","11",38.35,"under","on","control","amber","continuous",300
"228","END",0,"4","blue","continuous","1","left","right","spotted","11",38.35,"under","on","light","blue","continuous",300
"229","END",0,"2","green","continuous","1","left","right","spotted","11",38.35,"under","on","light","green","continuous",300
"230","END",0,"3","red","continuous","1","right","left","spotted","11",38.35,"under","on","control","red","continuous",300
"231","END",0,"6","royalblue","continuous","1","left","right","spotted","11",38.35,"under","on","light","royalblue","continuous",300
"232","END",0,"5","white","continuous","1","right","left","spotted","11",38.35,"under","on","control","white","continuous",300
"233","END",0,"2","amber","flashing","2","right","left","spotted","11",38.35,"under","on","control","amber","flashing",300
"234","END",0,"6","blue","flashing","2","right","left","spotted","11",38.35,"under","on","control","blue","flashing",300
"235","END",0,"3","green","flashing","2","left","right","spotted","11",38.35,"under","on","light","green","flashing",300
"236","END",0,"1","red","flashing","2","left","right","spotted","11",38.35,"under","on","light","red","flashing",300
"237","END",0,"3","royalblue","flashing","2","left","right","spotted","11",38.35,"under","on","light","royalblue","flashing",300
"238","END",0,"4","white","flashing","2","right","left","spotted","11",38.35,"under","on","control","white","flashing",300
"239","END",0,"4","green","continuous","2","right","left","smalleye","12",42.69,"under","on","light","green","continuous",300
"240","END",0,"3","red","continuous","1","left","right","smalleye","12",42.69,"under","on","control","red","continuous",300
"241","END",0,"5","white","continuous","2","left","right","smalleye","12",42.69,"under","on","control","white","continuous",300
"242","END",0,"6","amber","flashing","1","right","left","smalleye","12",42.69,"under","on","control","amber","flashing",300
"243","END",0,"2","blue","flashing","1","right","left","smalleye","12",42.69,"under","on","light","blue","flashing",300
"244","END",0,"3","red","flashing","1","left","right","smalleye","12",42.69,"under","on","control","red","flashing",300
"245","END",0,"4","white","flashing","1","right","left","smalleye","12",42.69,"under","on","light","white","flashing",300
"246","END",0,"5","amber","continuous","1","right","left","smalleye","13",41.709,"under","on","light","amber","continuous",300
"247","END",0,"4","blue","continuous","2","left","right","smalleye","13",41.709,"under","on","control","blue","continuous",300
"248","END",0,"6","royalblue","continuous","1","left","right","smalleye","13",41.709,"under","on","control","royalblue","continuous",300
"249","END",0,"6","amber","flashing","2","left","right","smalleye","13",41.709,"under","on","control","amber","flashing",300
"250","END",0,"6","blue","flashing","2","right","left","smalleye","13",41.709,"under","on","light","blue","flashing",300
"251","END",0,"4","royalblue","flashing","2","left","right","smalleye","13",41.709,"under","on","control","royalblue","flashing",300
"252","END",0,"3","white","flashing","2","right","left","smalleye","13",41.709,"under","on","light","white","flashing",300
"253","END",0,"5","amber","flashing","2","left","right","blonde","14",19.584,"under","on","control","amber","flashing",300
"254","END",0,"4","blue","flashing","2","right","left","blonde","14",19.584,"under","on","light","blue","flashing",300
"255","END",0,"6","red","flashing","2","right","left","blonde","14",19.584,"under","on","light","red","flashing",300
"256","END",0,"6","green","continuous","2","left","right","blonde","15",18.886,"under","on","light","green","continuous",300
"257","END",0,"5","amber","flashing","1","right","left","blonde","15",18.886,"under","on","light","amber","flashing",300
"258","END",0,"6","green","flashing","1","left","right","blonde","15",18.886,"under","on","control","green","flashing",300
"259","END",0,"3","red","flashing","1","right","left","blonde","15",18.886,"under","on","light","red","flashing",300
"260","END",0,"4","white","flashing","1","left","right","blonde","15",18.886,"under","on","control","white","flashing",300
"261","END",0,"5","green","continuous","1","left","right","blonde","16",16.53,"under","on","control","green","continuous",300
"262","END",0,"4","red","continuous","1","right","left","blonde","16",16.53,"under","on","light","red","continuous",300
"263","END",0,"6","royalblue","continuous","1","right","left","blonde","16",16.53,"under","on","light","royalblue","continuous",300
"264","END",0,"3","amber","flashing","2","left","right","blonde","16",16.53,"under","on","control","amber","flashing",300
"265","END",0,"5","blue","flashing","2","left","right","blonde","16",16.53,"under","on","control","blue","flashing",300
"266","END",0,"4","green","flashing","2","right","left","blonde","16",16.53,"under","on","light","green","flashing",300
"267","END",0,"6","royalblue","flashing","2","left","right","blonde","16",16.53,"under","on","light","royalblue","flashing",300
"268","END",0,"1","amber","continuous","2","right","left","spotted","17",18.007,"under","on","light","amber","continuous",300
"269","END",0,"5","blue","continuous","2","right","left","spotted","17",18.007,"under","on","light","blue","continuous",300
"270","END",0,"6","green","continuous","2","left","right","spotted","17",18.007,"under","on","control","green","continuous",300
"271","END",0,"3","red","continuous","2","right","left","spotted","17",18.007,"under","on","light","red","continuous",300
"272","END",0,"2","royalblue","continuous","2","left","right","spotted","17",18.007,"under","on","control","royalblue","continuous",300
"273","END",0,"4","white","continuous","2","left","right","spotted","17",18.007,"under","on","control","white","continuous",300
"274","END",0,"1","amber","flashing","1","right","left","spotted","17",18.007,"under","on","control","amber","flashing",300
"275","END",0,"6","blue","flashing","1","left","right","spotted","17",18.007,"under","on","light","blue","flashing",300
"276","END",0,"2","green","flashing","1","left","right","spotted","17",18.007,"under","on","light","green","flashing",300
"277","END",0,"4","red","flashing","1","left","right","spotted","17",18.007,"under","on","light","red","flashing",300
"278","END",0,"5","royalblue","flashing","1","right","left","spotted","17",18.007,"under","on","control","royalblue","flashing",300
"279","END",0,"1","white","flashing","1","right","left","spotted","17",18.007,"under","on","control","white","flashing",300
"280","END",0,"4","amber","continuous","1","right","left","spotted","18",13.458,"under","on","light","amber","continuous",300
"281","END",0,"6","blue","continuous","1","right","left","spotted","18",13.458,"under","on","light","blue","continuous",300
"282","END",0,"2","green","continuous","1","right","left","spotted","18",13.458,"under","on","light","green","continuous",300
"283","END",0,"3","red","continuous","1","left","right","spotted","18",13.458,"under","on","control","red","continuous",300
"284","END",0,"5","royalblue","continuous","1","left","right","spotted","18",13.458,"under","on","light","royalblue","continuous",300
"285","END",0,"1","white","continuous","1","left","right","spotted","18",13.458,"under","on","control","white","continuous",300
"286","END",0,"4","amber","flashing","2","right","left","spotted","18",13.458,"under","on","control","amber","flashing",300
"287","END",0,"6","blue","flashing","2","right","left","spotted","18",13.458,"under","on","control","blue","flashing",300
"288","END",0,"5","green","flashing","2","left","right","spotted","18",13.458,"under","on","light","green","flashing",300
"289","END",0,"1","red","flashing","2","left","right","spotted","18",13.458,"under","on","light","red","flashing",300
"290","END",0,"2","royalblue","flashing","2","right","left","spotted","18",13.458,"under","on","control","royalblue","flashing",300
"291","END",0,"3","white","flashing","2","left","right","spotted","18",13.458,"under","on","light","white","flashing",300
"292","END",0,"2","amber","continuous","1","right","left","blonde","20",27.627,"under","on","control","amber","continuous",300
"293","END",0,"6","green","continuous","1","right","left","blonde","20",27.627,"under","on","control","green","continuous",300
"294","END",0,"4","red","continuous","1","right","left","blonde","20",27.627,"under","on","control","red","continuous",300
"295","END",0,"5","royalblue","continuous","1","left","right","blonde","20",27.627,"under","on","light","royalblue","continuous",300
"296","END",0,"3","white","continuous","1","left","right","blonde","20",27.627,"under","on","light","white","continuous",300
"297","END",0,"2","amber","flashing","2","right","left","blonde","20",27.627,"under","on","light","amber","flashing",300
"298","END",0,"5","green","flashing","2","right","left","blonde","20",27.627,"under","on","light","green","flashing",300
"299","END",0,"6","royalblue","flashing","2","left","right","blonde","20",27.627,"under","on","control","royalblue","flashing",300
"300","END",0,"5","green","continuous","2","right","left","spotted","21",31.901,"under","on","light","green","continuous",300
"301","END",0,"6","red","continuous","2","left","right","spotted","21",31.901,"under","on","control","red","continuous",300
"302","END",0,"4","royalblue","continuous","2","left","right","spotted","21",31.901,"under","on","control","royalblue","continuous",300
"303","END",0,"6","amber","flashing","1","left","right","spotted","21",31.901,"under","on","light","amber","flashing",300
"304","END",0,"5","amber","continuous","1","left","right","spotted","22",29.018,"under","on","light","amber","continuous",300
"305","END",0,"4","blue","continuous","1","right","left","spotted","22",29.018,"under","on","control","blue","continuous",300
"306","END",0,"1","green","continuous","1","left","right","spotted","22",29.018,"under","on","light","green","continuous",300
"307","END",0,"6","red","continuous","1","right","left","spotted","22",29.018,"under","on","control","red","continuous",300
"308","END",0,"2","royalblue","continuous","1","right","left","spotted","22",29.018,"under","on","control","royalblue","continuous",300
"309","END",0,"3","white","continuous","1","left","right","spotted","22",29.018,"under","on","light","white","continuous",300
"310","END",0,"4","amber","flashing","2","right","left","spotted","22",29.018,"under","on","control","amber","flashing",300
"311","END",0,"5","blue","flashing","2","left","right","spotted","22",29.018,"under","on","light","blue","flashing",300
"312","END",0,"2","green","flashing","2","right","left","spotted","22",29.018,"under","on","control","green","flashing",300
"313","END",0,"6","red","flashing","2","right","left","spotted","22",29.018,"under","on","control","red","flashing",300
"314","END",0,"3","royalblue","flashing","2","left","right","spotted","22",29.018,"under","on","light","royalblue","flashing",300
"315","END",0,"1","white","flashing","2","left","right","spotted","22",29.018,"under","on","light","white","flashing",300
"316","END",0,"1","green","continuous","2","right","left","spotted","23",48.91,"over","on","light","green","continuous",300
"317","END",0,"5","red","continuous","2","right","left","spotted","23",48.91,"over","on","light","red","continuous",300
"318","END",0,"2","royalblue","continuous","2","left","right","spotted","23",48.91,"over","on","control","royalblue","continuous",300
"319","END",0,"6","amber","flashing","1","left","right","spotted","23",48.91,"over","on","control","amber","flashing",300
"320","END",0,"4","blue","flashing","1","left","right","spotted","23",48.91,"over","on","control","blue","flashing",300
"321","END",0,"5","green","flashing","1","right","left","spotted","23",48.91,"over","on","light","green","flashing",300
"322","END",0,"3","red","flashing","1","right","left","spotted","23",48.91,"over","on","light","red","flashing",300
"323","END",0,"2","royalblue","flashing","1","left","right","spotted","23",48.91,"over","on","control","royalblue","flashing",300
"324","END",0,"4","royalblue","continuous","2","right","left","blonde","24",24.916,"under","on","light","royalblue","continuous",300
"325","END",0,"6","red","flashing","1","right","left","blonde","24",24.916,"under","on","light","red","flashing",300
"326","END",0,"4","royalblue","flashing","1","right","left","blonde","24",24.916,"under","on","light","royalblue","flashing",300
"327","END",0,"2","blue","continuous","1","left","right","blonde","25",28.174,"under","on","light","blue","continuous",300
"328","END",0,"3","green","continuous","1","right","left","blonde","25",28.174,"under","on","control","green","continuous",300
"329","END",0,"6","red","continuous","1","left","right","blonde","25",28.174,"under","on","light","red","continuous",300
"330","END",0,"4","royalblue","continuous","1","left","right","blonde","25",28.174,"under","on","light","royalblue","continuous",300
"331","END",0,"5","white","continuous","1","right","left","blonde","25",28.174,"under","on","control","white","continuous",300
"332","END",0,"6","white","flashing","2","left","right","blonde","25",28.174,"under","on","control","white","flashing",300
"333","END",0,"6","amber","continuous","2","right","left","blonde","26",20.015,"under","on","light","amber","continuous",300
"334","END",0,"3","blue","continuous","2","left","right","blonde","26",20.015,"under","on","control","blue","continuous",300
"335","END",0,"2","green","continuous","2","right","left","blonde","26",20.015,"under","on","light","green","continuous",300
"336","END",0,"5","red","continuous","2","left","right","blonde","26",20.015,"under","on","control","red","continuous",300
"337","END",0,"4","royalblue","continuous","2","right","left","blonde","26",20.015,"under","on","light","royalblue","continuous",300
"338","END",0,"6","amber","flashing","1","right","left","blonde","26",20.015,"under","on","light","amber","flashing",300
"339","END",0,"2","green","flashing","1","right","left","blonde","26",20.015,"under","on","light","green","flashing",300
"340","END",0,"3","red","flashing","1","left","right","blonde","26",20.015,"under","on","control","red","flashing",300
"341","END",0,"4","royalblue","flashing","1","right","left","blonde","26",20.015,"under","on","light","royalblue","flashing",300
"342","END",0,"5","white","flashing","1","left","right","blonde","26",20.015,"under","on","control","white","flashing",300
"343","END",0,"4","amber","continuous","2","left","right","spotted","27",24.797,"under","on","light","amber","continuous",300
"344","END",0,"3","blue","continuous","2","right","left","spotted","27",24.797,"under","on","control","blue","continuous",300
"345","END",0,"6","green","continuous","2","left","right","spotted","27",24.797,"under","on","light","green","continuous",300
"346","END",0,"1","red","continuous","2","right","left","spotted","27",24.797,"under","on","control","red","continuous",300
"347","END",0,"2","royalblue","continuous","2","left","right","spotted","27",24.797,"under","on","light","royalblue","continuous",300
"348","END",0,"5","white","continuous","2","right","left","spotted","27",24.797,"under","on","control","white","continuous",300
"349","END",0,"3","amber","flashing","1","right","left","spotted","27",24.797,"under","on","light","amber","flashing",300
"350","END",0,"6","blue","flashing","1","left","right","spotted","27",24.797,"under","on","control","blue","flashing",300
"351","END",0,"4","green","flashing","1","left","right","spotted","27",24.797,"under","on","control","green","flashing",300
"352","END",0,"5","red","flashing","1","right","left","spotted","27",24.797,"under","on","light","red","flashing",300
"353","END",0,"1","royalblue","flashing","1","right","left","spotted","27",24.797,"under","on","light","royalblue","flashing",300
"354","END",0,"2","white","flashing","1","left","right","spotted","27",24.797,"under","on","control","white","flashing",300
"1100","active",16,"1","blue","continuous","2","right","left","spotted","2",33.627,"under","off","both","off","off",0
"2100","active",22,"5","green","continuous","2","right","left","spotted","2",33.627,"under","off","both","off","off",0
"355","active",16,"3","red","continuous","2","right","left","spotted","2",33.627,"under","off","both","off","off",0
"410","active",28,"2","royalblue","continuous","2","left","right","spotted","2",33.627,"under","off","both","off","off",0
"510","active",22,"4","white","continuous","2","left","right","spotted","2",33.627,"under","off","both","off","off",0
"610","active",16,"2","amber","flashing","1","right","left","spotted","2",33.627,"under","off","both","off","off",0
"710","active",24,"2","blue","flashing","1","left","right","spotted","2",33.627,"under","off","both","off","off",0
"810","active",24,"6","green","flashing","1","left","right","spotted","2",33.627,"under","off","both","off","off",0
"910","active",16,"1","red","flashing","1","right","left","spotted","2",33.627,"under","off","both","off","off",0
"1010","active",24,"4","white","flashing","1","left","right","spotted","2",33.627,"under","off","both","off","off",0
"1210","active",28,"4","amber","flashing","2","left","right","blonde","6",15.871,"under","off","both","off","off",0
"1310","active",22,"1","blue","flashing","2","right","left","blonde","6",15.871,"under","off","both","off","off",0
"1410","active",22,"3","green","flashing","2","right","left","blonde","6",15.871,"under","off","both","off","off",0
"1510","active",24,"2","royalblue","flashing","2","left","right","blonde","6",15.871,"under","off","both","off","off",0
"1610","active",28,"1","green","continuous","1","left","right","blonde","8",23.02,"under","off","both","off","off",0
"1710","active",26,"2","royalblue","flashing","2","left","right","blonde","8",23.02,"under","off","both","off","off",0
"1810","active",10,"1","white","flashing","1","right","left","spotted","10",33.765,"under","off","both","off","off",0
"1910","active",22,"5","blue","continuous","1","left","right","blonde","14",19.584,"under","off","both","off","off",0
"2010","active",26,"3","green","continuous","1","left","right","blonde","14",19.584,"under","off","both","off","off",0
"2110","active",24,"1","royalblue","continuous","1","left","right","blonde","14",19.584,"under","off","both","off","off",0
"2210","active",14,"2","white","continuous","1","right","left","blonde","14",19.584,"under","off","both","off","off",0
"2310","active",28,"1","green","flashing","2","left","right","blonde","14",19.584,"under","off","both","off","off",0
"2410","active",22,"1","blue","continuous","2","right","left","blonde","15",18.886,"under","off","both","off","off",0
"2510","active",10,"2","white","continuous","2","left","right","blonde","15",18.886,"under","off","both","off","off",0
"2610","active",12,"1","royalblue","flashing","1","right","left","blonde","15",18.886,"under","off","both","off","off",0
"2710","active",26,"1","white","flashing","2","left","right","blonde","16",16.53,"under","off","both","off","off",0
"2810","active",16,"1","blue","continuous","2","right","left","blonde","19",28.603,"under","off","both","off","off",0
"2910","active",12,"3","green","continuous","2","right","left","blonde","19",28.603,"under","off","both","off","off",0
"3010","active",24,"4","white","continuous","2","left","right","blonde","19",28.603,"under","off","both","off","off",0
"3110","active",22,"5","blue","flashing","1","right","left","blonde","19",28.603,"under","off","both","off","off",0
"3210","active",22,"2","green","flashing","1","left","right","blonde","19",28.603,"under","off","both","off","off",0
"3310","active",26,"1","red","flashing","1","right","left","blonde","19",28.603,"under","off","both","off","off",0
"3410","active",26,"6","white","flashing","1","left","right","blonde","19",28.603,"under","off","both","off","off",0
"356","active",22,"6","green","continuous","2","right","left","blonde","24",24.916,"under","off","both","off","off",0
"361","active",24,"2","blue","flashing","1","right","left","blonde","24",24.916,"under","off","both","off","off",0
"371","active",24,"1","green","flashing","1","left","right","blonde","24",24.916,"under","off","both","off","off",0
"741","active",0,"2","royalblue","continuous","2","left","right","blonde","19",28.603,"under","off","both","off","off",0
"1110","active",24,"4","amber","flashing","2","left","right","blonde","6",15.871,"under","on","both","amber","flashing",0
"381","active",21,"1","blue","continuous","2","right","left","spotted","2",33.627,"under","on","both","blue","continuous",0
"391","active",21,"3","red","continuous","2","right","left","spotted","2",33.627,"under","on","both","red","continuous",0
"401","active",23,"2","royalblue","continuous","2","left","right","spotted","2",33.627,"under","on","both","royalblue","continuous",0
"411","active",21,"2","amber","flashing","1","right","left","spotted","2",33.627,"under","on","both","amber","flashing",0
"421","active",15,"2","blue","flashing","1","left","right","spotted","2",33.627,"under","on","both","blue","flashing",0
"431","active",21,"6","green","flashing","1","left","right","spotted","2",33.627,"under","on","both","green","flashing",0
"441","active",21,"1","red","flashing","1","right","left","spotted","2",33.627,"under","on","both","red","flashing",0
"451","active",23,"4","white","flashing","1","left","right","spotted","2",33.627,"under","on","both","white","flashing",0
"461","active",25,"1","blue","flashing","2","right","left","blonde","6",15.871,"under","on","both","blue","flashing",0
"471","active",21,"3","green","flashing","2","right","left","blonde","6",15.871,"under","on","both","green","flashing",0
"481","active",17,"2","royalblue","flashing","2","left","right","blonde","6",15.871,"under","on","both","royalblue","flashing",0
"491","active",9,"1","green","continuous","1","left","right","blonde","8",23.02,"under","on","both","green","continuous",0
"501","active",9,"2","royalblue","flashing","2","left","right","blonde","8",23.02,"under","on","both","royalblue","flashing",0
"511","active",25,"1","white","flashing","1","right","left","spotted","10",33.765,"under","on","both","white","flashing",0
"521","active",21,"5","blue","continuous","1","left","right","blonde","14",19.584,"under","on","both","blue","continuous",0
"531","active",23,"3","green","continuous","1","left","right","blonde","14",19.584,"under","on","both","green","continuous",0
"541","active",25,"1","royalblue","continuous","1","left","right","blonde","14",19.584,"under","on","both","royalblue","continuous",0
"551","active",21,"2","white","continuous","1","right","left","blonde","14",19.584,"under","on","both","white","continuous",0
"561","active",25,"1","green","flashing","2","left","right","blonde","14",19.584,"under","on","both","green","flashing",0
"571","active",25,"1","blue","continuous","2","right","left","blonde","15",18.886,"under","on","both","blue","continuous",0
"581","active",21,"2","white","continuous","2","left","right","blonde","15",18.886,"under","on","both","white","continuous",0
"591","active",15,"1","royalblue","flashing","1","right","left","blonde","15",18.886,"under","on","both","royalblue","flashing",0
"601","active",23,"1","white","flashing","2","left","right","blonde","16",16.53,"under","on","both","white","flashing",0
"611","active",21,"3","green","continuous","2","right","left","blonde","19",28.603,"under","on","both","green","continuous",0
"621","active",21,"2","royalblue","continuous","2","left","right","blonde","19",28.603,"under","on","both","royalblue","continuous",0
"631","active",21,"4","white","continuous","2","left","right","blonde","19",28.603,"under","on","both","white","continuous",0
"641","active",21,"5","blue","flashing","1","right","left","blonde","19",28.603,"under","on","both","blue","flashing",0
"651","active",13,"2","green","flashing","1","left","right","blonde","19",28.603,"under","on","both","green","flashing",0
"661","active",23,"1","red","flashing","1","right","left","blonde","19",28.603,"under","on","both","red","flashing",0
"671","active",23,"6","white","flashing","1","left","right","blonde","19",28.603,"under","on","both","white","flashing",0
"681","active",25,"6","green","continuous","2","right","left","blonde","24",24.916,"under","on","both","green","continuous",0
"691","active",21,"2","blue","flashing","1","right","left","blonde","24",24.916,"under","on","both","blue","flashing",0
"701","active",23,"1","green","flashing","1","left","right","blonde","24",24.916,"under","on","both","green","flashing",0
"711","active",0,"5","green","continuous","2","right","left","spotted","2",33.627,"under","on","both","green","continuous",0
"721","active",0,"4","white","continuous","2","left","right","spotted","2",33.627,"under","on","both","white","continuous",0
"731","active",0,"1","blue","continuous","2","right","left","blonde","19",28.603,"under","on","both","blue","continuous",0
"1101","MIDDLE",4,"6","amber","continuous","2","left","right","spotted","1",47.792,"over","off","control","off","off",60.101
"2101","MIDDLE",4,"5","blue","continuous","2","right","left","spotted","1",47.792,"over","off","control","off","off",262.401
"357","MIDDLE",4,"2","green","flashing","2","right","left","spotted","1",47.792,"over","off","control","off","off",193.887
"412","MIDDLE",4,"5","royalblue","flashing","1","left","right","spotted","1",47.792,"over","off","control","off","off",264.705
"512","MIDDLE",4,"6","white","continuous","1","left","right","spotted","3",37.201,"under","off","control","off","off",16.71
"612","MIDDLE",4,"5","white","flashing","2","left","right","spotted","3",37.201,"under","off","control","off","off",300
"712","MIDDLE",3,"3","blue","flashing","2","right","left","spotted","4",32.184,"under","off","control","off","off",10.575
"811","MIDDLE",3,"1","royalblue","continuous","1","left","right","spotted","4",32.184,"under","off","control","off","off",6.39499999999998
"911","MIDDLE",4,"2","white","flashing","2","right","left","blonde","5",53.026,"over","off","control","off","off",192
"1011","MIDDLE",4,"3","blue","continuous","1","left","right","blonde","6",15.871,"under","off","control","off","off",150.628
"1111","MIDDLE",4,"2","blue","continuous","2","left","right","blonde","7",22.092,"under","off","control","off","off",23.391
"1211","MIDDLE",4,"4","green","flashing","1","left","right","blonde","7",22.092,"under","off","control","off","off",272.574
"1311","MIDDLE",4,"4","royalblue","continuous","2","left","right","blonde","7",22.092,"under","off","control","off","off",300
"1411","MIDDLE",4,"3","amber","flashing","2","right","left","blonde","8",23.02,"under","off","control","off","off",20.479
"1511","MIDDLE",4,"2","green","continuous","2","left","right","blonde","9",22.637,"under","off","control","off","off",104.501
"1611","MIDDLE",4,"2","green","flashing","2","left","right","spotted","10",33.765,"under","off","control","off","off",228.467
"1711","MIDDLE",4,"6","blue","continuous","2","right","left","smalleye","12",42.69,"under","off","control","off","off",147.766
"1811","MIDDLE",4,"1","green","flashing","1","left","right","smalleye","12",42.69,"under","off","control","off","off",261.766
"1911","MIDDLE",4,"3","green","continuous","1","right","left","smalleye","13",41.709,"under","off","control","off","off",182.025
"2011","MIDDLE",4,"2","green","flashing","2","left","right","smalleye","13",41.709,"under","off","control","off","off",285.312
"2111","MIDDLE",4,"3","royalblue","flashing","2","left","right","blonde","14",19.584,"under","off","control","off","off",99.711
"2211","MIDDLE",4,"2","blue","flashing","1","left","right","blonde","15",18.886,"under","off","control","off","off",247.241
"2311","MIDDLE",4,"5","red","continuous","2","right","left","blonde","15",18.886,"under","off","control","off","off",285.112
"2411","MIDDLE",4,"3","amber","continuous","1","left","right","blonde","16",16.53,"under","off","control","off","off",292.202
"2511","MIDDLE",4,"3","royalblue","flashing","1","right","left","blonde","19",28.603,"under","off","control","off","off",35.98
"2611","MIDDLE",4,"1","red","flashing","2","left","right","blonde","20",27.627,"under","off","control","off","off",134.053
"2711","MIDDLE",4,"4","white","flashing","2","left","right","blonde","20",27.627,"under","off","control","off","off",29.227
"2811","MIDDLE",3,"1","amber","continuous","2","right","left","spotted","21",31.901,"under","off","control","off","off",62.415
"2911","MIDDLE",3,"3","blue","continuous","2","right","left","spotted","21",31.901,"under","off","control","off","off",200.455
"3011","MIDDLE",4,"5","green","flashing","1","right","left","spotted","21",31.901,"under","off","control","off","off",277.723
"3111","MIDDLE",4,"1","royalblue","flashing","1","right","left","spotted","21",31.901,"under","off","control","off","off",85.548
"3211","MIDDLE",4,"2","white","continuous","2","left","right","spotted","21",31.901,"under","off","control","off","off",128.892
"3311","MIDDLE",4,"4","amber","continuous","2","left","right","spotted","23",48.91,"over","off","control","off","off",281.431
"3411","MIDDLE",2,"6","blue","continuous","2","left","right","spotted","23",48.91,"over","off","control","off","off",220.087
"358","MIDDLE",4,"5","amber","flashing","1","left","right","blonde","24",24.916,"under","off","control","off","off",156.168
"362","MIDDLE",3,"3","white","flashing","1","left","right","blonde","24",24.916,"under","off","control","off","off",102.904
"372","stationary_control_stop",8,"2","green","continuous","1","right","left","spotted","1",47.792,"over","off","control","off","off",23.299
"382","stationary_control_stop",8,"3","red","continuous","2","right","left","spotted","1",47.792,"over","off","control","off","off",58.329
"392","stationary_control_stop",8,"4","red","flashing","1","right","left","spotted","1",47.792,"over","off","control","off","off",86.229
"402","stationary_control_stop",8,"4","royalblue","continuous","2","left","right","spotted","1",47.792,"over","off","control","off","off",96.438
"413","stationary_control_stop",8,"1","white","flashing","2","left","right","spotted","1",47.792,"over","off","control","off","off",30.246
"422","stationary_control_stop",8,"1","amber","flashing","2","left","right","spotted","3",37.201,"under","off","control","off","off",205.76
"432","stationary_control_stop",8,"3","green","flashing","2","left","right","spotted","3",37.201,"under","off","control","off","off",225.435
"442","stationary_control_stop",8,"2","green","flashing","2","right","left","spotted","4",32.184,"under","off","control","off","off",52.466
"452","stationary_control_stop",8,"2","green","continuous","2","left","right","blonde","5",53.026,"over","off","control","off","off",143.433
"462","stationary_control_stop",6,"6","green","continuous","2","left","right","blonde","7",22.092,"under","off","control","off","off",42.759
"472","stationary_control_stop",8,"1","red","flashing","1","left","right","blonde","7",22.092,"under","off","control","off","off",50.715
"482","stationary_control_stop",8,"1","green","continuous","2","left","right","spotted","10",33.765,"under","off","control","off","off",88.671
"492","stationary_control_stop",8,"2","royalblue","continuous","2","right","left","smalleye","12",42.69,"under","off","control","off","off",20.136
"502","stationary_control_stop",8,"5","royalblue","flashing","1","left","right","smalleye","12",42.69,"under","off","control","off","off",49.767
"513","stationary_control_stop",8,"2","white","continuous","1","left","right","smalleye","13",41.709,"under","off","control","off","off",114.714
"522","stationary_control_stop",8,"2","white","flashing","2","right","left","blonde","14",19.584,"under","off","control","off","off",43.9589999999999
"532","stationary_control_stop",8,"4","amber","continuous","2","left","right","blonde","15",18.886,"under","off","control","off","off",78.606
"542","stationary_control_stop",8,"1","blue","continuous","1","left","right","blonde","16",16.53,"under","off","control","off","off",86.088
"552","stationary_control_stop",8,"6","red","continuous","2","left","right","blonde","19",28.603,"under","off","control","off","off",143.69
"562","stationary_control_stop",8,"3","blue","flashing","2","left","right","blonde","20",27.627,"under","off","control","off","off",277.231
"572","stationary_control_stop",8,"3","blue","flashing","1","right","left","spotted","21",31.901,"under","off","control","off","off",93.352
"582","stationary_control_stop",8,"1","white","flashing","1","right","left","spotted","23",48.91,"over","off","control","off","off",30.802
"592","stationary_control_stop",8,"5","red","continuous","2","left","right","blonde","24",24.916,"under","off","control","off","off",119.471
"602","stationary_control_stop",8,"3","white","continuous","2","left","right","blonde","24",24.916,"under","off","control","off","off",51.824
"613","stationary_control_stop",8,"1","blue","flashing","2","left","right","blonde","25",28.174,"under","off","control","off","off",181.381
"622","stationary_control_stop",8,"3","green","flashing","2","left","right","blonde","25",28.174,"under","off","control","off","off",60.438
"632","stationary_control_stop",8,"1","blue","flashing","1","left","right","blonde","26",20.015,"under","off","control","off","off",64.171
"642","stationary_control_stop",8,"1","white","continuous","2","left","right","blonde","26",20.015,"under","off","control","off","off",100.062
"652","MIDDLE",2,"1","white","continuous","1","left","right","spotted","1",47.792,"over","off","light","off","off",156.832
"662","MIDDLE",2,"2","royalblue","flashing","2","right","left","spotted","3",37.201,"under","off","light","off","off",167.179
"672","MIDDLE",2,"2","amber","flashing","2","left","right","spotted","4",32.184,"under","off","light","off","off",81.963
"682","MIDDLE",2,"2","green","flashing","2","right","left","spotted","4",32.184,"under","off","light","off","off",80.495
"692","MIDDLE",2,"1","blue","continuous","2","right","left","blonde","5",53.026,"over","off","light","off","off",201.717
"702","MIDDLE",2,"1","royalblue","flashing","1","left","right","blonde","5",53.026,"over","off","light","off","off",260.775
"713","MIDDLE",2,"1","amber","continuous","2","right","left","blonde","7",22.092,"under","off","light","off","off",135.9
"722","MIDDLE",2,"6","blue","flashing","1","right","left","blonde","7",22.092,"under","off","light","off","off",291.177
"732","MIDDLE",1,"1","green","flashing","2","right","left","blonde","8",23.02,"under","off","light","off","off",72.871
"742","MIDDLE",1,"2","red","continuous","1","right","left","blonde","8",23.02,"under","off","light","off","off",11.403
"751","MIDDLE",6,"1","amber","continuous","2","right","left","blonde","9",22.637,"under","off","light","off","off",233.105
"761","MIDDLE",1,"2","royalblue","continuous","2","right","left","spotted","10",33.765,"under","off","light","off","off",3.267
"771","MIDDLE",2,"5","royalblue","flashing","1","left","right","smalleye","12",42.69,"under","off","light","off","off",195.7
"781","MIDDLE",2,"1","red","continuous","1","right","left","smalleye","13",41.709,"under","off","light","off","off",162.781
"791","MIDDLE",2,"3","royalblue","continuous","2","right","left","blonde","15",18.886,"under","off","light","off","off",97.105
"801","MIDDLE",2,"1","blue","continuous","1","left","right","blonde","20",27.627,"under","off","light","off","off",217.921
"812","MIDDLE",2,"2","red","flashing","1","left","right","spotted","21",31.901,"under","off","light","off","off",300
"821","MIDDLE",2,"4","white","flashing","1","left","right","spotted","21",31.901,"under","off","light","off","off",255.65
"831","MIDDLE",2,"3","white","continuous","2","right","left","spotted","23",48.91,"over","off","light","off","off",300
"841","MIDDLE",2,"1","white","flashing","1","right","left","spotted","23",48.91,"over","off","light","off","off",39.317
"851","MIDDLE",2,"2","amber","continuous","2","right","left","blonde","24",24.916,"under","off","light","off","off",133.289
"861","MIDDLE",2,"4","amber","flashing","2","right","left","blonde","25",28.174,"under","off","light","off","off",77.557
"871","MIDDLE",2,"5","royalblue","flashing","2","right","left","blonde","25",28.174,"under","off","light","off","off",300
"881","stationary_light_stop",6,"6","amber","continuous","2","left","right","spotted","1",47.792,"over","off","light","off","off",51.333
"891","stationary_light_stop",6,"6","amber","flashing","1","right","left","spotted","1",47.792,"over","off","light","off","off",228.534
"901","stationary_light_stop",6,"3","blue","flashing","1","left","right","spotted","1",47.792,"over","off","light","off","off",224.634
"912","stationary_light_stop",6,"3","red","continuous","2","right","left","spotted","1",47.792,"over","off","light","off","off",36.901
"921","stationary_light_stop",6,"1","white","flashing","2","left","right","spotted","1",47.792,"over","off","light","off","off",36.586
"931","stationary_light_stop",6,"5","royalblue","flashing","1","right","left","spotted","2",33.627,"under","off","light","off","off",26.801
"941","stationary_light_stop",6,"5","red","continuous","1","right","left","spotted","3",37.201,"under","off","light","off","off",173.366
"951","stationary_light_stop",6,"4","red","flashing","2","right","left","spotted","3",37.201,"under","off","light","off","off",175
"961","stationary_light_stop",6,"3","blue","flashing","2","right","left","spotted","4",32.184,"under","off","light","off","off",160.049
"971","stationary_light_stop",6,"5","amber","flashing","1","left","right","blonde","5",53.026,"over","off","light","off","off",290.318
"981","stationary_light_stop",6,"3","blue","flashing","1","left","right","blonde","5",53.026,"over","off","light","off","off",17.934
"991","stationary_light_stop",6,"2","white","continuous","1","right","left","blonde","6",15.871,"under","off","light","off","off",55.128
"1001","stationary_light_stop",6,"2","amber","flashing","1","right","left","blonde","7",22.092,"under","off","light","off","off",109.002
"1012","stationary_light_stop",6,"5","red","continuous","2","right","left","blonde","7",22.092,"under","off","light","off","off",135.817
"1021","stationary_light_stop",6,"1","red","flashing","1","left","right","blonde","7",22.092,"under","off","light","off","off",84.267
"1031","stationary_light_stop",6,"3","white","continuous","2","right","left","blonde","7",22.092,"under","off","light","off","off",86.695
"1041","stationary_light_stop",6,"5","blue","flashing","1","right","left","spotted","10",33.765,"under","off","light","off","off",104.934
"1051","stationary_light_stop",6,"1","amber","continuous","1","left","right","smalleye","12",42.69,"under","off","light","off","off",23.202
"1061","stationary_light_stop",6,"6","blue","continuous","2","right","left","smalleye","12",42.69,"under","off","light","off","off",63.47
"1071","stationary_light_stop",6,"2","royalblue","continuous","2","right","left","smalleye","12",42.69,"under","off","light","off","off",20.697
"1081","stationary_light_stop",6,"1","red","flashing","2","right","left","smalleye","13",41.709,"under","off","light","off","off",39.986
"1091","stationary_light_stop",6,"4","red","continuous","1","right","left","blonde","14",19.584,"under","off","light","off","off",91.297
"1102","stationary_light_stop",6,"3","royalblue","flashing","2","left","right","blonde","14",19.584,"under","off","light","off","off",166.61
"1112","stationary_light_stop",6,"2","red","flashing","2","right","left","blonde","16",16.53,"under","off","light","off","off",113.727
"1121","stationary_light_stop",6,"2","white","continuous","2","right","left","blonde","16",16.53,"under","off","light","off","off",151.056
"1131","stationary_light_stop",6,"4","amber","flashing","2","left","right","blonde","19",28.603,"under","off","light","off","off",95.266
"1141","stationary_light_stop",6,"1","red","flashing","2","left","right","blonde","20",27.627,"under","off","light","off","off",27.013
"1151","stationary_light_stop",6,"3","blue","flashing","1","right","left","spotted","21",31.901,"under","off","light","off","off",33.96
"1161","stationary_light_stop",6,"1","amber","continuous","1","right","left","blonde","25",28.174,"under","off","light","off","off",125.829
"1171","END",0,"5","blue","continuous","2","right","left","spotted","1",47.792,"over","on","control","blue","continuous",300
"1181","END",0,"3","blue","flashing","1","left","right","spotted","1",47.792,"over","on","control","blue","flashing",19.9
"1191","END",0,"2","green","continuous","1","right","left","spotted","1",47.792,"over","on","control","green","continuous",149.835
"1201","END",0,"5","royalblue","flashing","1","left","right","spotted","1",47.792,"over","on","control","royalblue","flashing",300
"1212","END",0,"3","green","flashing","2","left","right","spotted","3",37.201,"under","on","control","green","flashing",90.5
"1221","END",0,"6","white","continuous","1","left","right","spotted","3",37.201,"under","on","control","white","continuous",300
"1231","END",0,"5","white","flashing","2","left","right","spotted","3",37.201,"under","on","control","white","flashing",294.1
"1241","END",0,"3","blue","flashing","2","right","left","spotted","4",32.184,"under","on","control","blue","flashing",226.004
"1251","END",0,"1","royalblue","continuous","1","left","right","spotted","4",32.184,"under","on","control","royalblue","continuous",300
"1261","END",0,"2","white","flashing","2","right","left","blonde","5",53.026,"over","on","control","white","flashing",300
"1271","END",0,"3","blue","continuous","1","left","right","blonde","6",15.871,"under","on","control","blue","continuous",248.173
"1281","END",0,"2","blue","continuous","2","left","right","blonde","7",22.092,"under","on","control","blue","continuous",282.783
"1291","END",0,"4","green","flashing","1","left","right","blonde","7",22.092,"under","on","control","green","flashing",300
"1301","END",0,"1","red","flashing","1","left","right","blonde","7",22.092,"under","on","control","red","flashing",189.882
"1312","END",0,"3","amber","flashing","2","right","left","blonde","8",23.02,"under","on","control","amber","flashing",300
"1321","END",0,"2","green","continuous","2","left","right","blonde","9",22.637,"under","on","control","green","continuous",136.585
"1331","END",0,"6","amber","flashing","1","left","right","spotted","10",33.765,"under","on","control","amber","flashing",251.761
"1341","END",0,"2","green","flashing","2","left","right","spotted","10",33.765,"under","on","control","green","flashing",300
"1351","END",0,"6","blue","continuous","2","right","left","smalleye","12",42.69,"under","on","control","blue","continuous",300
"1361","END",0,"1","green","flashing","1","left","right","smalleye","12",42.69,"under","on","control","green","flashing",300
"1371","END",0,"2","green","flashing","2","left","right","smalleye","13",41.709,"under","on","control","green","flashing",300
"1381","END",0,"3","royalblue","flashing","2","left","right","blonde","14",19.584,"under","on","control","royalblue","flashing",300
"1391","END",0,"2","blue","flashing","1","left","right","blonde","15",18.886,"under","on","control","blue","flashing",300
"1401","END",0,"5","red","continuous","2","right","left","blonde","15",18.886,"under","on","control","red","continuous",300
"1412","END",0,"3","amber","continuous","1","left","right","blonde","16",16.53,"under","on","control","amber","continuous",300
"1421","END",0,"3","royalblue","flashing","1","right","left","blonde","19",28.603,"under","on","control","royalblue","flashing",300
"1431","END",0,"3","blue","flashing","2","left","right","blonde","20",27.627,"under","on","control","blue","flashing",202.352
"1441","END",0,"1","red","flashing","2","left","right","blonde","20",27.627,"under","on","control","red","flashing",300
"1451","END",0,"4","white","flashing","2","left","right","blonde","20",27.627,"under","on","control","white","flashing",300
"1461","END",0,"5","green","flashing","1","right","left","spotted","21",31.901,"under","on","control","green","flashing",300
"1471","END",0,"1","royalblue","flashing","1","right","left","spotted","21",31.901,"under","on","control","royalblue","flashing",300
"1481","END",0,"4","amber","continuous","2","left","right","spotted","23",48.91,"over","on","control","amber","continuous",300
"1491","END",0,"5","amber","flashing","1","left","right","blonde","24",24.916,"under","on","control","amber","flashing",300
"1501","END",0,"1","blue","continuous","2","left","right","blonde","24",24.916,"under","on","control","blue","continuous",78.708
"1512","END",0,"3","white","continuous","2","left","right","blonde","24",24.916,"under","on","control","white","continuous",50.679
"1521","END",0,"3","white","flashing","1","left","right","blonde","24",24.916,"under","on","control","white","flashing",300
"1531","END",0,"1","amber","continuous","1","right","left","blonde","25",28.174,"under","on","control","amber","continuous",101.645
"1541","END",0,"1","blue","flashing","1","left","right","blonde","26",20.015,"under","on","control","blue","flashing",300
"1551","END",0,"1","white","continuous","2","left","right","blonde","26",20.015,"under","on","control","white","continuous",300
"1561","stationary_control_stop",7,"6","amber","continuous","2","left","right","spotted","1",47.792,"over","on","control","amber","continuous",168.405
"1571","stationary_control_stop",7,"2","green","flashing","2","right","left","spotted","1",47.792,"over","on","control","green","flashing",251.635
"1581","stationary_control_stop",7,"4","red","flashing","1","right","left","spotted","1",47.792,"over","on","control","red","flashing",116.265
"1591","stationary_control_stop",7,"5","red","continuous","1","right","left","spotted","3",37.201,"under","on","control","red","continuous",76.201
"1601","stationary_control_stop",7,"2","amber","flashing","2","left","right","spotted","4",32.184,"under","on","control","amber","flashing",74.3820000000001
"1612","stationary_control_stop",7,"4","royalblue","continuous","2","left","right","blonde","7",22.092,"under","on","control","royalblue","continuous",287.399
"1621","stationary_control_stop",7,"2","royalblue","continuous","2","right","left","smalleye","12",42.69,"under","on","control","royalblue","continuous",74.401
"1631","stationary_control_stop",7,"3","green","continuous","1","right","left","smalleye","13",41.709,"under","on","control","green","continuous",27.37
"1641","stationary_control_stop",7,"1","red","flashing","2","right","left","smalleye","13",41.709,"under","on","control","red","flashing",97.259
"1651","stationary_control_stop",7,"2","white","continuous","1","left","right","smalleye","13",41.709,"under","on","control","white","continuous",19.787
"1661","stationary_control_stop",7,"2","white","flashing","2","right","left","blonde","14",19.584,"under","on","control","white","flashing",32.096
"1671","stationary_control_stop",7,"2","white","continuous","2","right","left","blonde","16",16.53,"under","on","control","white","continuous",99.576
"1681","stationary_control_stop",7,"1","amber","continuous","2","right","left","spotted","21",31.901,"under","on","control","amber","continuous",150.032
"1691","stationary_control_stop",7,"3","blue","continuous","2","right","left","spotted","21",31.901,"under","on","control","blue","continuous",28.934
"1701","stationary_control_stop",7,"3","blue","flashing","1","right","left","spotted","21",31.901,"under","on","control","blue","flashing",43.694
"1712","stationary_control_stop",7,"2","white","continuous","2","left","right","spotted","21",31.901,"under","on","control","white","continuous",123.166
"1721","stationary_control_stop",7,"1","blue","flashing","2","left","right","blonde","25",28.174,"under","on","control","blue","flashing",46.8910000000001
"1731","END",0,"6","amber","flashing","1","right","left","spotted","1",47.792,"over","on","light","amber","flashing",117.466
"1741","END",0,"3","red","continuous","2","right","left","spotted","1",47.792,"over","on","light","red","continuous",237.238
"1751","END",0,"4","red","flashing","1","right","left","spotted","1",47.792,"over","on","light","red","flashing",90.201
"1761","END",0,"4","royalblue","continuous","2","left","right","spotted","1",47.792,"over","on","light","royalblue","continuous",260.601
"1771","END",0,"1","white","continuous","1","left","right","spotted","1",47.792,"over","on","light","white","continuous",300
"1781","END",0,"1","white","flashing","2","left","right","spotted","1",47.792,"over","on","light","white","flashing",109.466
"1791","END",0,"2","royalblue","flashing","2","right","left","spotted","3",37.201,"under","on","light","royalblue","flashing",300
"1801","END",0,"2","green","flashing","2","right","left","spotted","4",32.184,"under","on","light","green","flashing",300
"1812","END",0,"5","amber","flashing","1","left","right","blonde","5",53.026,"over","on","light","amber","flashing",178.001
"1821","END",0,"1","blue","continuous","2","right","left","blonde","5",53.026,"over","on","light","blue","continuous",300
"1831","END",0,"3","blue","flashing","1","left","right","blonde","5",53.026,"over","on","light","blue","flashing",240.177
"1841","END",0,"2","green","continuous","2","left","right","blonde","5",53.026,"over","on","light","green","continuous",155.87
"1851","END",0,"1","red","continuous","2","left","right","blonde","6",15.871,"under","on","light","red","continuous",115.334
"1861","END",0,"5","white","flashing","2","right","left","blonde","6",15.871,"under","on","light","white","flashing",292.561
"1871","END",0,"1","amber","continuous","2","right","left","blonde","7",22.092,"under","on","light","amber","continuous",300
"1881","END",0,"6","blue","flashing","1","right","left","blonde","7",22.092,"under","on","light","blue","flashing",300
"1891","END",0,"6","green","continuous","2","left","right","blonde","7",22.092,"under","on","light","green","continuous",91.987
"1901","END",0,"3","white","continuous","2","right","left","blonde","7",22.092,"under","on","light","white","continuous",193.437
"1912","END",0,"1","green","flashing","2","right","left","blonde","8",23.02,"under","on","light","green","flashing",207.501
"1921","END",0,"2","red","continuous","1","right","left","blonde","8",23.02,"under","on","light","red","continuous",300
"1931","END",0,"2","royalblue","continuous","2","right","left","spotted","10",33.765,"under","on","light","royalblue","continuous",300
"1941","END",0,"2","royalblue","continuous","2","right","left","smalleye","12",42.69,"under","on","light","royalblue","continuous",77.83
"1951","END",0,"5","royalblue","flashing","1","left","right","smalleye","12",42.69,"under","on","light","royalblue","flashing",300
"1961","END",0,"3","green","continuous","1","right","left","smalleye","13",41.709,"under","on","light","green","continuous",157.931
"1971","END",0,"1","red","flashing","2","right","left","smalleye","13",41.709,"under","on","light","red","flashing",31.266
"1981","END",0,"6","amber","continuous","1","right","left","blonde","14",19.584,"under","on","light","amber","continuous",94.183
"1991","END",0,"4","amber","continuous","2","left","right","blonde","15",18.886,"under","on","light","amber","continuous",34.0069999999999
"2001","END",0,"3","royalblue","continuous","2","right","left","blonde","15",18.886,"under","on","light","royalblue","continuous",300
"2012","END",0,"2","red","flashing","2","right","left","blonde","16",16.53,"under","on","light","red","flashing",189.734
"2021","END",0,"5","amber","continuous","2","right","left","blonde","19",28.603,"under","on","light","amber","continuous",51.058
"2031","END",0,"1","blue","continuous","1","left","right","blonde","20",27.627,"under","on","light","blue","continuous",300
"2041","END",0,"3","blue","continuous","2","right","left","spotted","21",31.901,"under","on","light","blue","continuous",160.622
"2051","END",0,"1","royalblue","flashing","1","right","left","spotted","21",31.901,"under","on","light","royalblue","flashing",300
"2061","END",0,"6","blue","continuous","2","left","right","spotted","23",48.91,"over","on","light","blue","continuous",300
"2071","END",0,"3","white","continuous","2","right","left","spotted","23",48.91,"over","on","light","white","continuous",214.153
"2081","END",0,"1","white","flashing","1","right","left","spotted","23",48.91,"over","on","light","white","flashing",300
"2091","END",0,"2","amber","continuous","2","right","left","blonde","24",24.916,"under","on","light","amber","continuous",300
"2102","END",0,"4","amber","flashing","2","right","left","blonde","25",28.174,"under","on","light","amber","flashing",300
"2112","END",0,"5","royalblue","flashing","2","right","left","blonde","25",28.174,"under","on","light","royalblue","flashing",284.708
"2121","stationary_light_stop",5,"3","blue","flashing","1","left","right","spotted","1",47.792,"over","on","light","blue","flashing",98.2319999999999
"2131","stationary_light_stop",5,"2","amber","flashing","2","left","right","spotted","4",32.184,"under","on","light","amber","flashing",83.368
"2141","stationary_light_stop",5,"1","royalblue","flashing","1","left","right","blonde","5",53.026,"over","on","light","royalblue","flashing",91.808
"2151","stationary_light_stop",5,"2","white","continuous","1","right","left","blonde","6",15.871,"under","on","light","white","continuous",33.799
"2161","stationary_light_stop",5,"2","amber","flashing","1","right","left","blonde","7",22.092,"under","on","light","amber","flashing",58.578
"2171","stationary_light_stop",5,"1","amber","continuous","2","right","left","blonde","9",22.637,"under","on","light","amber","continuous",20.867
"2181","stationary_light_stop",5,"1","amber","continuous","1","left","right","smalleye","12",42.69,"under","on","light","amber","continuous",59.499
"2191","stationary_light_stop",5,"1","red","continuous","1","right","left","smalleye","13",41.709,"under","on","light","red","continuous",104.167
"2201","stationary_light_stop",5,"2","white","continuous","1","left","right","smalleye","13",41.709,"under","on","light","white","continuous",39.1740000000001
"2212","stationary_light_stop",5,"2","red","flashing","1","left","right","spotted","21",31.901,"under","on","light","red","flashing",24.506
"2221","stationary_light_stop",5,"2","white","continuous","2","left","right","spotted","21",31.901,"under","on","light","white","continuous",96.38
"2231","stationary_light_stop",5,"1","amber","continuous","1","right","left","blonde","25",28.174,"under","on","light","amber","continuous",42.183
"2241","stationary_light_stop",5,"1","red","flashing","2","right","left","blonde","25",28.174,"under","on","light","red","flashing",96.8360000000001
"2251","END",0,"6","amber","flashing","1","left","right","spotted","10",33.765,"under","off","both","off","off",0
"2261","END",0,"1","blue","continuous","2","left","right","blonde","24",24.916,"under","off","both","off","off",0
"2271","END",0,"1","red","continuous","2","left","right","blonde","6",15.871,"under","off","both","off","off",0
"2281","END",0,"5","white","flashing","2","right","left","blonde","6",15.871,"under","off","both","off","off",0
"2291","END",0,"6","amber","continuous","1","right","left","blonde","14",19.584,"under","off","both","off","off",0
"2301","END",0,"5","amber","continuous","2","right","left","blonde","19",28.603,"under","off","both","off","off",0
"2312","stationary_light_stop",5,"1","red","flashing","2","right","left","blonde","25",28.174,"under","off","both","off","off",0
"2321","stationary_control_stop",8,"1","amber","flashing","2","left","right","spotted","3",37.201,"under","on","both","amber","flashing",0
"2331","stationary_control_stop",8,"1","green","continuous","2","left","right","spotted","10",33.765,"under","on","both","green","continuous",0
"2341","stationary_control_stop",8,"1","blue","continuous","1","left","right","blonde","16",16.53,"under","on","both","blue","continuous",0
"2351","stationary_control_stop",8,"6","red","continuous","2","left","right","blonde","19",28.603,"under","on","both","red","continuous",0
"2361","stationary_control_stop",8,"5","red","continuous","2","left","right","blonde","24",24.916,"under","on","both","red","continuous",0
"2371","stationary_control_stop",8,"3","green","flashing","2","left","right","blonde","25",28.174,"under","on","both","green","flashing",0
"2381","MIDDLE",2,"4","white","flashing","1","left","right","spotted","21",31.901,"under","on","both","white","flashing",0
"2391","stationary_light_stop",6,"5","royalblue","flashing","1","right","left","spotted","2",33.627,"under","on","both","royalblue","flashing",0
"2401","stationary_light_stop",6,"4","red","flashing","2","right","left","spotted","3",37.201,"under","on","both","red","flashing",0
"2412","stationary_light_stop",6,"5","red","continuous","2","right","left","blonde","7",22.092,"under","on","both","red","continuous",0
"2421","stationary_light_stop",6,"5","blue","flashing","1","right","left","spotted","10",33.765,"under","on","both","blue","flashing",0
"2431","stationary_light_stop",6,"4","red","continuous","1","right","left","blonde","14",19.584,"under","on","both","red","continuous",0
"2441","stationary_light_stop",6,"4","amber","flashing","2","left","right","blonde","19",28.603,"under","on","both","amber","flashing",0
