"","time","code","class","light_order","light_colour","light_type","type_order","light_side","control_side","species","trial_number","light_mode"
"1",15.367,"stationary_control",4,"2","green","continuous",1,"right","left","spotted","1","off"
"2",23.299,"stationary_control_stop",8,"2","green","continuous",1,"right","left","spotted","1","off"
"8",47,"stationary_light",2,"1","white","continuous",1,"left","right","spotted","1","off"
"9",93.499,"stationary_light_stop",6,"1","white","continuous",1,"left","right","spotted","1","off"
"10",162.699,"stationary_light",2,"1","white","continuous",1,"left","right","spotted","1","off"
"11",180.099,"stationary_light_stop",6,"1","white","continuous",1,"left","right","spotted","1","off"
"12",252.067,"stationary_light",2,"1","white","continuous",1,"left","right","spotted","1","off"
"14",15.799,"stationary_light",2,"6","amber","continuous",2,"left","right","spotted","1","off"
"15",51.333,"stationary_light_stop",6,"6","amber","continuous",2,"left","right","spotted","1","off"
"18",254.899,"stationary_control",4,"6","amber","continuous",2,"left","right","spotted","1","off"
"32",15.966,"stationary_control",4,"5","blue","continuous",2,"right","left","spotted","1","off"
"33",142.8,"stationary_control_stop",8,"5","blue","continuous",2,"right","left","spotted","1","off"
"34",195.399,"stationary_control",4,"5","blue","continuous",2,"right","left","spotted","1","off"
"36",15.799,"stationary_control",4,"3","red","continuous",2,"right","left","spotted","1","off"
"37",33.938,"stationary_control_stop",8,"3","red","continuous",2,"right","left","spotted","1","off"
"38",54.509,"stationary_control",4,"3","red","continuous",2,"right","left","spotted","1","off"
"39",63.9,"stationary_control_stop",8,"3","red","continuous",2,"right","left","spotted","1","off"
"42",205.765,"stationary_light",2,"3","red","continuous",2,"right","left","spotted","1","off"
"43",227.666,"stationary_light_stop",6,"3","red","continuous",2,"right","left","spotted","1","off"
"51",15.699,"stationary_control",4,"4","royalblue","continuous",2,"left","right","spotted","1","off"
"52",96.438,"stationary_control_stop",8,"4","royalblue","continuous",2,"left","right","spotted","1","off"
"59",15.735,"stationary_light",2,"6","amber","flashing",1,"right","left","spotted","1","off"
"60",122.1,"stationary_light_stop",6,"6","amber","flashing",1,"right","left","spotted","1","off"
"62",200.533,"stationary_light",2,"6","amber","flashing",1,"right","left","spotted","1","off"
"63",247.734,"stationary_light_stop",6,"6","amber","flashing",1,"right","left","spotted","1","off"
"64",266.266,"stationary_light",2,"6","amber","flashing",1,"right","left","spotted","1","off"
"65",295.499,"stationary_light_stop",6,"6","amber","flashing",1,"right","left","spotted","1","off"
"73",15.5,"stationary_light",2,"3","blue","flashing",1,"left","right","spotted","1","off"
"74",224.634,"stationary_light_stop",6,"3","blue","flashing",1,"left","right","spotted","1","off"
"85",142.737,"stationary_control",4,"4","red","flashing",1,"right","left","spotted","1","off"
"86",213.966,"stationary_control_stop",8,"4","red","flashing",1,"right","left","spotted","1","off"
"94",50.295,"stationary_control",4,"5","royalblue","flashing",1,"left","right","spotted","1","off"
"97",121.113,"stationary_control",4,"2","green","flashing",2,"right","left","spotted","1","off"
"102",57.78,"stationary_light",2,"1","white","flashing",2,"left","right","spotted","1","off"
"103",79.366,"stationary_light_stop",6,"1","white","flashing",2,"left","right","spotted","1","off"
"108",255.753,"stationary_control",4,"1","white","flashing",2,"left","right","spotted","1","off"
"109",270.999,"stationary_control_stop",8,"1","white","flashing",2,"left","right","spotted","1","off"
"119",15,"stationary_control",4,"1","amber","continuous",2,"left","right","spotted","2","off"
"179",181.399,"stationary_light",2,"5","royalblue","flashing",1,"right","left","spotted","2","off"
"180",193.2,"stationary_light_stop",6,"5","royalblue","flashing",1,"right","left","spotted","2","off"
"194",15.634,"stationary_light",2,"1","amber","continuous",1,"right","left","spotted","3","off"
"196",15.767,"stationary_light",2,"3","blue","continuous",1,"right","left","spotted","3","off"
"198",15.869,"stationary_control",4,"2","green","continuous",1,"left","right","spotted","3","off"
"200",15.503,"stationary_light",2,"5","red","continuous",1,"right","left","spotted","3","off"
"201",173.366,"stationary_light_stop",6,"5","red","continuous",1,"right","left","spotted","3","off"
"207",15.37,"stationary_control",4,"4","royalblue","continuous",1,"left","right","spotted","3","off"
"212",298.29,"stationary_control",4,"6","white","continuous",1,"left","right","spotted","3","off"
"214",77.152,"stationary_control",4,"1","amber","flashing",2,"left","right","spotted","3","off"
"215",267.912,"stationary_control_stop",8,"1","amber","flashing",2,"left","right","spotted","3","off"
"218",15.837,"stationary_light",2,"6","blue","flashing",2,"right","left","spotted","3","off"
"220",15.666,"stationary_control",4,"3","green","flashing",2,"left","right","spotted","3","off"
"221",126.867,"stationary_control_stop",8,"3","green","flashing",2,"left","right","spotted","3","off"
"223",186.332,"stationary_control",4,"3","green","flashing",2,"left","right","spotted","3","off"
"224",269.9,"stationary_control_stop",8,"3","green","flashing",2,"left","right","spotted","3","off"
"229",15.335,"stationary_light",2,"4","red","flashing",2,"right","left","spotted","3","off"
"230",175,"stationary_light_stop",6,"4","red","flashing",2,"right","left","spotted","3","off"
"234",147.821,"stationary_light",2,"2","royalblue","flashing",2,"right","left","spotted","3","off"
"236",15.901,"stationary_control",4,"5","white","flashing",2,"left","right","spotted","3","off"
"240",15.533,"stationary_light",2,"2","amber","continuous",1,"right","left","spotted","4","off"
"242",15.438,"stationary_control",4,"3","blue","continuous",1,"left","right","spotted","4","off"
"244",15.3,"stationary_control",4,"5","green","continuous",1,"left","right","spotted","4","off"
"246",15.337,"stationary_light",2,"6","red","continuous",1,"right","left","spotted","4","off"
"251",15.234,"stationary_light",2,"4","white","continuous",1,"right","left","spotted","4","off"
"253",46.027,"stationary_light",2,"2","amber","flashing",2,"left","right","spotted","4","off"
"254",96.657,"stationary_light_stop",6,"2","amber","flashing",2,"left","right","spotted","4","off"
"258",298.667,"stationary_light",2,"2","amber","flashing",2,"left","right","spotted","4","off"
"267",15.298,"stationary_light",2,"3","blue","flashing",2,"right","left","spotted","4","off"
"268",31.182,"stationary_light_stop",6,"3","blue","flashing",2,"right","left","spotted","4","off"
"270",70.599,"stationary_light",2,"3","blue","flashing",2,"right","left","spotted","4","off"
"271",184.466,"stationary_light_stop",6,"3","blue","flashing",2,"right","left","spotted","4","off"
"279",15,"stationary_control",4,"2","green","flashing",2,"right","left","spotted","4","off"
"280",52.466,"stationary_control_stop",8,"2","green","flashing",2,"right","left","spotted","4","off"
"283",234.505,"stationary_light",2,"2","green","flashing",2,"right","left","spotted","4","off"
"285",15.5,"stationary_light",2,"6","red","flashing",2,"left","right","spotted","4","off"
"287",15.736,"stationary_control",4,"5","royalblue","flashing",2,"right","left","spotted","4","off"
"289",15.633,"stationary_light",2,"4","white","flashing",2,"left","right","spotted","4","off"
"1100",15.3,"stationary_light",2,"4","amber","continuous",2,"left","right","blonde","5","off"
"710",113.283,"stationary_light",2,"1","blue","continuous",2,"right","left","blonde","5","off"
"1010",15.804,"stationary_control",4,"2","green","continuous",2,"left","right","blonde","5","off"
"1110",143.433,"stationary_control_stop",8,"2","green","continuous",2,"left","right","blonde","5","off"
"1610",15.636,"stationary_control",4,"2","red","continuous",2,"right","left","blonde","5","off"
"1810",15.299,"stationary_control",4,"5","royalblue","continuous",2,"right","left","blonde","5","off"
"2010",15.767,"stationary_light",2,"6","white","continuous",2,"left","right","blonde","5","off"
"2210",15.5,"stationary_light",2,"5","amber","flashing",1,"left","right","blonde","5","off"
"2310",264.484,"stationary_light_stop",6,"5","amber","flashing",1,"left","right","blonde","5","off"
"2410",282.866,"stationary_light",2,"5","amber","flashing",1,"left","right","blonde","5","off"
"2510",293.7,"stationary_light_stop",6,"5","amber","flashing",1,"left","right","blonde","5","off"
"292",15.3,"stationary_light",2,"3","blue","flashing",1,"left","right","blonde","5","off"
"301",17.934,"stationary_light_stop",6,"3","blue","flashing",1,"left","right","blonde","5","off"
"381",15.666,"stationary_control",4,"6","green","flashing",1,"left","right","blonde","5","off"
"401",15.3,"stationary_control",4,"4","red","flashing",1,"right","left","blonde","5","off"
"421",54.225,"stationary_light",2,"1","royalblue","flashing",1,"left","right","blonde","5","off"
"491",123,"stationary_control",4,"2","white","flashing",2,"right","left","blonde","5","off"
"1101",15.4,"stationary_light",2,"4","amber","continuous",1,"right","left","blonde","6","off"
"410",164.372,"stationary_control",4,"3","blue","continuous",1,"left","right","blonde","6","off"
"810",15.733,"stationary_light",2,"6","green","continuous",1,"right","left","blonde","6","off"
"1911",15.433,"stationary_control",4,"5","royalblue","continuous",1,"left","right","blonde","6","off"
"2111",170.005,"stationary_light",2,"2","white","continuous",1,"right","left","blonde","6","off"
"2211",210.133,"stationary_light_stop",6,"2","white","continuous",1,"right","left","blonde","6","off"
"611",15.239,"stationary_control",4,"6","red","flashing",2,"left","right","blonde","6","off"
"314",179.1,"stationary_light",2,"1","amber","continuous",2,"right","left","blonde","7","off"
"713",291.609,"stationary_control",4,"2","blue","continuous",2,"left","right","blonde","7","off"
"1112",234.44,"stationary_control",4,"6","green","continuous",2,"left","right","blonde","7","off"
"1212",262.199,"stationary_control_stop",6,"6","green","continuous",2,"left","right","blonde","7","off"
"1612",26.418,"stationary_light",2,"5","red","continuous",2,"right","left","blonde","7","off"
"1712",147.235,"stationary_light_stop",6,"5","red","continuous",2,"right","left","blonde","7","off"
"2112",15.767,"stationary_control",4,"4","royalblue","continuous",2,"left","right","blonde","7","off"
"2412",15.399,"stationary_light",2,"3","white","continuous",2,"right","left","blonde","7","off"
"2512",47.134,"stationary_light_stop",6,"3","white","continuous",2,"right","left","blonde","7","off"
"2612",188.072,"stationary_light",2,"3","white","continuous",2,"right","left","blonde","7","off"
"2712",212.633,"stationary_light_stop",6,"3","white","continuous",2,"right","left","blonde","7","off"
"323",15.333,"stationary_light",2,"2","amber","flashing",1,"right","left","blonde","7","off"
"333",109.002,"stationary_light_stop",6,"2","amber","flashing",1,"right","left","blonde","7","off"
"393",15.969,"stationary_light",2,"6","blue","flashing",1,"right","left","blonde","7","off"
"403",119.843,"stationary_light_stop",6,"6","blue","flashing",1,"right","left","blonde","7","off"
"414",143.666,"stationary_light",2,"6","blue","flashing",1,"right","left","blonde","7","off"
"443",42.426,"stationary_control",4,"4","green","flashing",1,"left","right","blonde","7","off"
"463",15.334,"stationary_light",2,"1","red","flashing",1,"left","right","blonde","7","off"
"473",47.166,"stationary_light_stop",6,"1","red","flashing",1,"left","right","blonde","7","off"
"483",71.333,"stationary_light",2,"1","red","flashing",1,"left","right","blonde","7","off"
"493",93.434,"stationary_light_stop",6,"1","red","flashing",1,"left","right","blonde","7","off"
"503",223.556,"stationary_control",4,"1","red","flashing",1,"left","right","blonde","7","off"
"514",259.271,"stationary_control_stop",8,"1","red","flashing",1,"left","right","blonde","7","off"
"562",15.868,"stationary_light",2,"4","royalblue","flashing",1,"right","left","blonde","7","off"
"582",15.533,"stationary_control",4,"5","white","flashing",1,"left","right","blonde","7","off"
"1103",15,"stationary_control",4,"6","amber","continuous",1,"right","left","blonde","8","off"
"316",15,"stationary_light",2,"3","blue","continuous",1,"left","right","blonde","8","off"
"2013",15,"stationary_control",4,"4","royalblue","continuous",1,"right","left","blonde","8","off"
"2213",15,"stationary_light",2,"5","white","continuous",1,"left","right","blonde","8","off"
"2713",294.521,"stationary_control",4,"3","amber","flashing",2,"right","left","blonde","8","off"
"304",15.399,"stationary_control",4,"5","blue","flashing",2,"right","left","blonde","8","off"
"324",15.799,"stationary_light",2,"1","green","flashing",2,"right","left","blonde","8","off"
"334",62.033,"stationary_light_stop",6,"1","green","flashing",2,"right","left","blonde","8","off"
"416",15.534,"stationary_light",2,"4","red","flashing",2,"left","right","blonde","8","off"
"516",15.499,"stationary_light",2,"6","white","flashing",2,"left","right","blonde","8","off"
"1104",38.294,"stationary_light",2,"1","amber","continuous",2,"right","left","blonde","9","off"
"299",164.8,"stationary_light_stop",6,"1","amber","continuous",2,"right","left","blonde","9","off"
"318",245.367,"stationary_light",2,"1","amber","continuous",2,"right","left","blonde","9","off"
"417",321.966,"stationary_light_stop",6,"1","amber","continuous",2,"right","left","blonde","9","off"
"1414",15,"stationary_control",4,"4","blue","continuous",2,"left","right","blonde","9","off"
"1614",15.134,"stationary_control",4,"2","green","continuous",2,"left","right","blonde","9","off"
"1714",69.234,"stationary_control_stop",8,"2","green","continuous",2,"left","right","blonde","9","off"
"2014",279.733,"stationary_control",4,"2","green","continuous",2,"left","right","blonde","9","off"
"2414",15,"stationary_light",2,"3","red","continuous",2,"right","left","blonde","9","off"
"2614",15,"stationary_light",2,"5","royalblue","continuous",2,"right","left","blonde","9","off"
"2814",15,"stationary_control",4,"6","white","continuous",2,"left","right","blonde","9","off"
"305",15,"stationary_control",4,"4","amber","flashing",1,"right","left","blonde","9","off"
"325",15,"stationary_light",2,"3","blue","flashing",1,"left","right","blonde","9","off"
"345",15,"stationary_light",2,"5","green","flashing",1,"left","right","blonde","9","off"
"365",15,"stationary_control",4,"6","red","flashing",1,"right","left","blonde","9","off"
"385",15,"stationary_light",2,"1","royalblue","flashing",1,"left","right","blonde","9","off"
"405",15,"stationary_control",4,"2","white","flashing",1,"right","left","blonde","9","off"
"1105",15.9,"stationary_light",2,"5","amber","continuous",2,"left","right","spotted","10","off"
"320",15.833,"stationary_light",2,"3","blue","continuous",2,"left","right","spotted","10","off"
"518",18.595,"stationary_control",4,"1","green","continuous",2,"left","right","spotted","10","off"
"615",92.266,"stationary_control_stop",8,"1","green","continuous",2,"left","right","spotted","10","off"
"1615",15.368,"stationary_control",4,"4","red","continuous",2,"right","left","spotted","10","off"
"2315",15.633,"stationary_control",4,"6","white","continuous",2,"right","left","spotted","10","off"
"306",15.233,"stationary_light",2,"5","blue","flashing",1,"right","left","spotted","10","off"
"3110",104.934,"stationary_light_stop",6,"5","blue","flashing",1,"right","left","spotted","10","off"
"396",86.533,"stationary_control",4,"2","green","flashing",2,"left","right","spotted","10","off"
"425",15,"stationary_light",2,"3","red","flashing",1,"right","left","spotted","10","off"
"445",15.467,"stationary_control",4,"4","royalblue","flashing",1,"left","right","spotted","10","off"
"1106",15,"stationary_control",4,"1","amber","continuous",1,"right","left","spotted","11","off"
"327",15,"stationary_light",2,"4","blue","continuous",1,"left","right","spotted","11","off"
"520",15,"stationary_light",2,"2","green","continuous",1,"left","right","spotted","11","off"
"717",15,"stationary_control",4,"3","red","continuous",1,"right","left","spotted","11","off"
"916",15,"stationary_light",2,"6","royalblue","continuous",1,"left","right","spotted","11","off"
"1116",15,"stationary_control",4,"5","white","continuous",1,"right","left","spotted","11","off"
"1316",15,"stationary_control",4,"2","amber","flashing",2,"right","left","spotted","11","off"
"1516",15,"stationary_control",4,"6","blue","flashing",2,"right","left","spotted","11","off"
"1716",15,"stationary_light",2,"3","green","flashing",2,"left","right","spotted","11","off"
"1916",15,"stationary_light",2,"1","red","flashing",2,"left","right","spotted","11","off"
"2116",15,"stationary_light",2,"3","royalblue","flashing",2,"left","right","spotted","11","off"
"2316",15,"stationary_control",4,"4","white","flashing",2,"right","left","spotted","11","off"
"1107",38.637,"stationary_light",2,"1","amber","continuous",1,"left","right","smalleye","12","off"
"2102",46.839,"stationary_light_stop",6,"1","amber","continuous",1,"left","right","smalleye","12","off"
"1217",15.402,"stationary_light",2,"6","blue","continuous",2,"right","left","smalleye","12","off"
"1317",63.47,"stationary_light_stop",6,"6","blue","continuous",2,"right","left","smalleye","12","off"
"1717",167.234,"stationary_control",4,"6","blue","continuous",2,"right","left","smalleye","12","off"
"2017",15.369,"stationary_light",2,"4","green","continuous",2,"right","left","smalleye","12","off"
"2217",15.367,"stationary_control",4,"3","red","continuous",1,"left","right","smalleye","12","off"
"2616",50.501,"stationary_control",4,"2","royalblue","continuous",2,"right","left","smalleye","12","off"
"2716",55.637,"stationary_control_stop",8,"2","royalblue","continuous",2,"right","left","smalleye","12","off"
"2912",159.802,"stationary_light",2,"2","royalblue","continuous",2,"right","left","smalleye","12","off"
"307",165.499,"stationary_light_stop",6,"2","royalblue","continuous",2,"right","left","smalleye","12","off"
"397",15.238,"stationary_control",4,"5","white","continuous",2,"left","right","smalleye","12","off"
"4111",15.301,"stationary_control",4,"6","amber","flashing",1,"right","left","smalleye","12","off"
"436",15.601,"stationary_light",2,"2","blue","flashing",1,"right","left","smalleye","12","off"
"456",15,"stationary_control",4,"1","green","flashing",1,"left","right","smalleye","12","off"
"476",38.566,"stationary_control_stop",8,"1","green","flashing",1,"left","right","smalleye","12","off"
"496",91.8,"stationary_control",4,"1","green","flashing",1,"left","right","smalleye","12","off"
"5110",15.399,"stationary_control",4,"3","red","flashing",1,"left","right","smalleye","12","off"
"533",15.466,"stationary_control",4,"5","royalblue","flashing",1,"left","right","smalleye","12","off"
"543",49.767,"stationary_control_stop",8,"5","royalblue","flashing",1,"left","right","smalleye","12","off"
"573",119.3,"stationary_light",2,"5","royalblue","flashing",1,"left","right","smalleye","12","off"
"593",15.537,"stationary_light",2,"4","white","flashing",1,"right","left","smalleye","12","off"
"1108",15.97,"stationary_light",2,"5","amber","continuous",1,"right","left","smalleye","13","off"
"330",15.167,"stationary_control",4,"4","blue","continuous",2,"left","right","smalleye","13","off"
"618",48.935,"stationary_control",4,"3","green","continuous",1,"right","left","smalleye","13","off"
"719",146.766,"stationary_control_stop",8,"3","green","continuous",1,"right","left","smalleye","13","off"
"817",237.638,"stationary_control",4,"3","green","continuous",1,"right","left","smalleye","13","off"
"918",264.734,"stationary_control_stop",8,"3","green","continuous",1,"right","left","smalleye","13","off"
"1018",287.902,"stationary_control",4,"3","green","continuous",1,"right","left","smalleye","13","off"
"1718",152.219,"stationary_light",2,"1","red","continuous",1,"right","left","smalleye","13","off"
"2418",15.335,"stationary_control",4,"6","royalblue","continuous",1,"left","right","smalleye","13","off"
"2617",38.667,"stationary_control",4,"2","white","continuous",1,"left","right","smalleye","13","off"
"2717",47.835,"stationary_control_stop",8,"2","white","continuous",1,"left","right","smalleye","13","off"
"308",178.854,"stationary_control",4,"2","white","continuous",1,"left","right","smalleye","13","off"
"3112",254.4,"stationary_control_stop",8,"2","white","continuous",1,"left","right","smalleye","13","off"
"4112",15.333,"stationary_light",2,"6","blue","flashing",2,"right","left","smalleye","13","off"
"437",29.688,"stationary_control",4,"2","green","flashing",2,"left","right","smalleye","13","off"
"497",166.617,"stationary_light",2,"1","red","flashing",2,"right","left","smalleye","13","off"
"507",191.603,"stationary_light_stop",6,"1","red","flashing",2,"right","left","smalleye","13","off"
"632",15.366,"stationary_control",4,"4","royalblue","flashing",2,"left","right","smalleye","13","off"
"652",15.499,"stationary_light",2,"3","white","flashing",2,"right","left","smalleye","13","off"
"2319",113.51,"stationary_light",2,"4","red","continuous",1,"right","left","blonde","14","off"
"2419",189.807,"stationary_light_stop",6,"4","red","continuous",1,"right","left","blonde","14","off"
"468",15,"stationary_control",4,"5","amber","flashing",2,"left","right","blonde","14","off"
"488",15,"stationary_light",2,"4","blue","flashing",2,"right","left","blonde","14","off"
"575",15,"stationary_light",2,"6","red","flashing",2,"right","left","blonde","14","off"
"595",15.314,"stationary_light",2,"3","royalblue","flashing",2,"left","right","blonde","14","off"
"604",138.51,"stationary_light_stop",6,"3","royalblue","flashing",2,"left","right","blonde","14","off"
"6110",175.755,"stationary_light",2,"3","royalblue","flashing",2,"left","right","blonde","14","off"
"623",188.855,"stationary_light_stop",6,"3","royalblue","flashing",2,"left","right","blonde","14","off"
"633",215.289,"stationary_control",4,"3","royalblue","flashing",2,"left","right","blonde","14","off"
"682",257.595,"stationary_control",4,"2","white","flashing",2,"right","left","blonde","14","off"
"692",286.554,"stationary_control_stop",8,"2","white","flashing",2,"right","left","blonde","14","off"
"1120",15.099,"stationary_control",4,"4","amber","continuous",2,"left","right","blonde","15","off"
"2105",55.334,"stationary_control_stop",8,"4","amber","continuous",2,"left","right","blonde","15","off"
"340",237.031,"stationary_control",4,"4","amber","continuous",2,"left","right","blonde","15","off"
"439",245.303,"stationary_control_stop",8,"4","amber","continuous",2,"left","right","blonde","15","off"
"1720",15.536,"stationary_light",2,"6","green","continuous",2,"left","right","blonde","15","off"
"1920",29.888,"stationary_control",4,"5","red","continuous",2,"right","left","blonde","15","off"
"2120",15.727,"stationary_light",2,"3","royalblue","continuous",2,"right","left","blonde","15","off"
"2220",31.515,"stationary_light_stop",6,"3","royalblue","continuous",2,"right","left","blonde","15","off"
"2420",169.463,"stationary_light",2,"3","royalblue","continuous",2,"right","left","blonde","15","off"
"2519",181.252,"stationary_light_stop",6,"3","royalblue","continuous",2,"right","left","blonde","15","off"
"2619",276.199,"stationary_light",2,"3","royalblue","continuous",2,"right","left","blonde","15","off"
"4114",15,"stationary_light",2,"5","amber","flashing",1,"right","left","blonde","15","off"
"449",67.759,"stationary_control",4,"2","blue","flashing",1,"left","right","blonde","15","off"
"479",15,"stationary_control",4,"6","green","flashing",1,"left","right","blonde","15","off"
"499",15,"stationary_light",2,"3","red","flashing",1,"right","left","blonde","15","off"
"6111",15,"stationary_control",4,"4","white","flashing",1,"left","right","blonde","15","off"
"1122",22.798,"stationary_control",4,"3","amber","continuous",1,"left","right","blonde","16","off"
"350",200.246,"stationary_control",4,"1","blue","continuous",1,"left","right","blonde","16","off"
"440",271.334,"stationary_control_stop",8,"1","blue","continuous",1,"left","right","blonde","16","off"
"1421",15,"stationary_control",4,"5","green","continuous",1,"left","right","blonde","16","off"
"1621",15,"stationary_light",2,"4","red","continuous",1,"right","left","blonde","16","off"
"1821",15,"stationary_light",2,"6","royalblue","continuous",1,"right","left","blonde","16","off"
"2021",15.785,"stationary_light",2,"2","white","continuous",2,"right","left","blonde","16","off"
"2121",119.941,"stationary_light_stop",6,"2","white","continuous",2,"right","left","blonde","16","off"
"2221",213.906,"stationary_light",2,"2","white","continuous",2,"right","left","blonde","16","off"
"2321",230.021,"stationary_light_stop",6,"2","white","continuous",2,"right","left","blonde","16","off"
"2720",15,"stationary_control",4,"3","amber","flashing",2,"left","right","blonde","16","off"
"2916",15,"stationary_control",4,"5","blue","flashing",2,"left","right","blonde","16","off"
"3115",15,"stationary_light",2,"4","green","flashing",2,"right","left","blonde","16","off"
"3312",15.387,"stationary_light",2,"2","red","flashing",2,"right","left","blonde","16","off"
"3411",113.727,"stationary_light_stop",6,"2","red","flashing",2,"right","left","blonde","16","off"
"3911",15,"stationary_light",2,"6","royalblue","flashing",2,"left","right","blonde","16","off"
"1124",15,"stationary_light",2,"1","amber","continuous",2,"right","left","spotted","17","off"
"360",15,"stationary_light",2,"5","blue","continuous",2,"right","left","spotted","17","off"
"538",15,"stationary_control",4,"6","green","continuous",2,"left","right","spotted","17","off"
"725",15,"stationary_light",2,"3","red","continuous",2,"right","left","spotted","17","off"
"922",15,"stationary_control",4,"2","royalblue","continuous",2,"left","right","spotted","17","off"
"1125",15,"stationary_control",4,"4","white","continuous",2,"left","right","spotted","17","off"
"1322",15,"stationary_control",4,"1","amber","flashing",1,"right","left","spotted","17","off"
"1522",15,"stationary_light",2,"6","blue","flashing",1,"left","right","spotted","17","off"
"1722",15,"stationary_light",2,"2","green","flashing",1,"left","right","spotted","17","off"
"1922",15,"stationary_light",2,"4","red","flashing",1,"left","right","spotted","17","off"
"2122",15,"stationary_control",4,"5","royalblue","flashing",1,"right","left","spotted","17","off"
"2322",15,"stationary_control",4,"1","white","flashing",1,"right","left","spotted","17","off"
"1126",15,"stationary_light",2,"4","amber","continuous",1,"right","left","spotted","18","off"
"370",15,"stationary_light",2,"6","blue","continuous",1,"right","left","spotted","18","off"
"539",15,"stationary_light",2,"2","green","continuous",1,"right","left","spotted","18","off"
"726",15,"stationary_control",4,"3","red","continuous",1,"left","right","spotted","18","off"
"923",15,"stationary_light",2,"5","royalblue","continuous",1,"left","right","spotted","18","off"
"1127",15,"stationary_control",4,"1","white","continuous",1,"left","right","spotted","18","off"
"1323",15,"stationary_control",4,"4","amber","flashing",2,"right","left","spotted","18","off"
"1523",15,"stationary_control",4,"6","blue","flashing",2,"right","left","spotted","18","off"
"1723",15,"stationary_light",2,"5","green","flashing",2,"left","right","spotted","18","off"
"1923",15,"stationary_light",2,"1","red","flashing",2,"left","right","spotted","18","off"
"2123",15,"stationary_control",4,"2","royalblue","flashing",2,"right","left","spotted","18","off"
"2323",15,"stationary_light",2,"3","white","flashing",2,"left","right","spotted","18","off"
"3012",15.471,"stationary_control",4,"6","red","continuous",2,"left","right","blonde","19","off"
"3116",106.735,"stationary_control_stop",8,"6","red","continuous",2,"left","right","blonde","19","off"
"3214",150.611,"stationary_control",4,"6","red","continuous",2,"left","right","blonde","19","off"
"3313",172.566,"stationary_control_stop",8,"6","red","continuous",2,"left","right","blonde","19","off"
"5310",15.299,"stationary_light",2,"4","amber","flashing",2,"left","right","blonde","19","off"
"547",95.266,"stationary_light_stop",6,"4","amber","flashing",2,"left","right","blonde","19","off"
"1141",279.02,"stationary_control",4,"3","royalblue","flashing",1,"right","left","blonde","19","off"
"1130",15,"stationary_control",4,"2","amber","continuous",1,"right","left","blonde","20","off"
"390",15.092,"stationary_light",2,"1","blue","continuous",1,"left","right","blonde","20","off"
"480",84.025,"stationary_light_stop",6,"1","blue","continuous",1,"left","right","blonde","20","off"
"630",181.104,"stationary_light",2,"1","blue","continuous",1,"left","right","blonde","20","off"
"825",15,"stationary_control",4,"6","green","continuous",1,"right","left","blonde","20","off"
"1026",15,"stationary_control",4,"4","red","continuous",1,"right","left","blonde","20","off"
"1226",15,"stationary_light",2,"5","royalblue","continuous",1,"left","right","blonde","20","off"
"1425",15,"stationary_light",2,"3","white","continuous",1,"left","right","blonde","20","off"
"1625",15.535,"stationary_light",2,"2","amber","flashing",2,"right","left","blonde","20","off"
"1825",15.451,"stationary_control",4,"3","blue","flashing",2,"left","right","blonde","20","off"
"1925",277.231,"stationary_control_stop",8,"3","blue","flashing",2,"left","right","blonde","20","off"
"2425",15.934,"stationary_light",2,"5","green","flashing",2,"right","left","blonde","20","off"
"2622",15.942,"stationary_light",2,"1","red","flashing",2,"left","right","blonde","20","off"
"2722",27.013,"stationary_light_stop",6,"1","red","flashing",2,"left","right","blonde","20","off"
"3215",180.947,"stationary_control",4,"1","red","flashing",2,"left","right","blonde","20","off"
"3513",15,"stationary_control",4,"6","royalblue","flashing",2,"left","right","blonde","20","off"
"3813",285.773,"stationary_control",4,"4","white","flashing",2,"left","right","blonde","20","off"
"1133",199.987,"stationary_control",4,"1","amber","continuous",2,"right","left","spotted","21","off"
"2127",208.034,"stationary_control_stop",8,"1","amber","continuous",2,"right","left","spotted","21","off"
"3100",259.628,"stationary_control",4,"1","amber","continuous",2,"right","left","spotted","21","off"
"490",263.233,"stationary_control_stop",8,"1","amber","continuous",2,"right","left","spotted","21","off"
"549",289.382,"stationary_control",4,"1","amber","continuous",2,"right","left","spotted","21","off"
"635",291.034,"stationary_control_stop",8,"1","amber","continuous",2,"right","left","spotted","21","off"
"1726",15.633,"stationary_control",4,"3","blue","continuous",2,"right","left","spotted","21","off"
"1826",34.073,"stationary_control_stop",8,"3","blue","continuous",2,"right","left","spotted","21","off"
"1926",53.967,"stationary_control",4,"3","blue","continuous",2,"right","left","spotted","21","off"
"2026",110.434,"stationary_control_stop",8,"3","blue","continuous",2,"right","left","spotted","21","off"
"2326",155.033,"stationary_control",4,"3","blue","continuous",2,"right","left","spotted","21","off"
"2426",185.466,"stationary_control_stop",8,"3","blue","continuous",2,"right","left","spotted","21","off"
"2523",260.267,"stationary_control",4,"3","blue","continuous",2,"right","left","spotted","21","off"
"2623",292.633,"stationary_control_stop",8,"3","blue","continuous",2,"right","left","spotted","21","off"
"3414",15.466,"stationary_light",2,"5","green","continuous",2,"right","left","spotted","21","off"
"3614",15.233,"stationary_control",4,"6","red","continuous",2,"left","right","spotted","21","off"
"3814",15.467,"stationary_control",4,"4","royalblue","continuous",2,"left","right","spotted","21","off"
"4117",100.673,"stationary_control",4,"2","white","continuous",2,"left","right","spotted","21","off"
"4214",125.642,"stationary_control_stop",8,"2","white","continuous",2,"left","right","spotted","21","off"
"4512",226.077,"stationary_control",4,"2","white","continuous",2,"left","right","spotted","21","off"
"5011",15.534,"stationary_light",2,"6","amber","flashing",1,"left","right","spotted","21","off"
"5212",32.511,"stationary_control",4,"3","blue","flashing",1,"right","left","spotted","21","off"
"5311",46.088,"stationary_control_stop",8,"3","blue","flashing",1,"right","left","spotted","21","off"
"5410",75.458,"stationary_control",4,"3","blue","flashing",1,"right","left","spotted","21","off"
"558",92.633,"stationary_control_stop",8,"3","blue","flashing",1,"right","left","spotted","21","off"
"568",113.059,"stationary_control",4,"3","blue","flashing",1,"right","left","spotted","21","off"
"578",130.659,"stationary_control_stop",8,"3","blue","flashing",1,"right","left","spotted","21","off"
"598",277.114,"stationary_light",2,"3","blue","flashing",1,"right","left","spotted","21","off"
"607",296.074,"stationary_light_stop",6,"3","blue","flashing",1,"right","left","spotted","21","off"
"694",15.917,"stationary_control",4,"5","green","flashing",1,"right","left","spotted","21","off"
"704",217.91,"stationary_control_stop",8,"5","green","flashing",1,"right","left","spotted","21","off"
"7210",255.187,"stationary_control",4,"5","green","flashing",1,"right","left","spotted","21","off"
"743",15.534,"stationary_light",2,"2","red","flashing",1,"left","right","spotted","21","off"
"783",220.949,"stationary_control",4,"1","royalblue","flashing",1,"right","left","spotted","21","off"
"793",242.548,"stationary_control_stop",8,"1","royalblue","flashing",1,"right","left","spotted","21","off"
"803",266.051,"stationary_control",4,"1","royalblue","flashing",1,"right","left","spotted","21","off"
"827",54.256,"stationary_light",2,"4","white","flashing",1,"left","right","spotted","21","off"
"832",197.637,"stationary_light_stop",6,"4","white","flashing",1,"left","right","spotted","21","off"
"842",217.731,"stationary_light",2,"4","white","flashing",1,"left","right","spotted","21","off"
"1135",15,"stationary_light",2,"5","amber","continuous",1,"left","right","spotted","22","off"
"3101",15,"stationary_control",4,"4","blue","continuous",1,"right","left","spotted","22","off"
"550",15,"stationary_light",2,"1","green","continuous",1,"left","right","spotted","22","off"
"734",15,"stationary_control",4,"6","red","continuous",1,"right","left","spotted","22","off"
"928",15.54,"stationary_control",4,"2","royalblue","continuous",1,"right","left","spotted","22","off"
"1228",15,"stationary_light",2,"3","white","continuous",1,"left","right","spotted","22","off"
"1427",15.475,"stationary_control",4,"4","amber","flashing",2,"right","left","spotted","22","off"
"1727",15,"stationary_light",2,"5","blue","flashing",2,"left","right","spotted","22","off"
"1927",15,"stationary_control",4,"2","green","flashing",2,"right","left","spotted","22","off"
"2130",15,"stationary_control",4,"6","red","flashing",2,"right","left","spotted","22","off"
"2327",15,"stationary_light",2,"3","royalblue","flashing",2,"left","right","spotted","22","off"
"2524",15,"stationary_light",2,"1","white","flashing",2,"left","right","spotted","22","off"
"1137",15.434,"stationary_control",4,"4","amber","continuous",2,"left","right","spotted","23","off"
"2131",56.803,"stationary_control_stop",8,"4","amber","continuous",2,"left","right","spotted","23","off"
"3102",90.372,"stationary_control",4,"4","amber","continuous",2,"left","right","spotted","23","off"
"638",94.913,"stationary_light",2,"6","blue","continuous",2,"left","right","spotted","23","off"
"829",15.338,"stationary_light",2,"1","green","continuous",2,"right","left","spotted","23","off"
"1029",15.4,"stationary_light",2,"5","red","continuous",2,"right","left","spotted","23","off"
"1229",15.099,"stationary_control",4,"2","royalblue","continuous",2,"left","right","spotted","23","off"
"1428",15.499,"stationary_light",2,"3","white","continuous",2,"right","left","spotted","23","off"
"2028",15,"stationary_control",4,"6","amber","flashing",1,"left","right","spotted","23","off"
"2228",15,"stationary_control",4,"4","blue","flashing",1,"left","right","spotted","23","off"
"2428",15,"stationary_light",2,"5","green","flashing",1,"right","left","spotted","23","off"
"2625",15,"stationary_light",2,"3","red","flashing",1,"right","left","spotted","23","off"
"2824",15,"stationary_control",4,"2","royalblue","flashing",1,"left","right","spotted","23","off"
"3015",15.569,"stationary_control",4,"1","white","flashing",1,"right","left","spotted","23","off"
"3119",30.802,"stationary_control_stop",8,"1","white","flashing",1,"right","left","spotted","23","off"
"3615",275.683,"stationary_light",2,"1","white","flashing",1,"right","left","spotted","23","off"
"1139",15.664,"stationary_light",2,"2","amber","continuous",2,"right","left","blonde","24","off"
"2133",18.052,"stationary_light_stop",6,"2","amber","continuous",2,"right","left","blonde","24","off"
"639",199.763,"stationary_light",2,"2","amber","continuous",2,"right","left","blonde","24","off"
"2725",15.344,"stationary_control",4,"5","red","continuous",2,"left","right","blonde","24","off"
"2825",119.471,"stationary_control_stop",8,"5","red","continuous",2,"left","right","blonde","24","off"
"3416",15.387,"stationary_light",2,"4","royalblue","continuous",2,"right","left","blonde","24","off"
"3716",15.94,"stationary_control",4,"3","white","continuous",2,"left","right","blonde","24","off"
"3815",51.824,"stationary_control_stop",8,"3","white","continuous",2,"left","right","blonde","24","off"
"4513",15.6,"stationary_control",4,"5","amber","flashing",1,"left","right","blonde","24","off"
"4613",35.667,"stationary_control_stop",8,"5","amber","flashing",1,"left","right","blonde","24","off"
"4813",194.499,"stationary_control",4,"5","amber","flashing",1,"left","right","blonde","24","off"
"6114",15,"stationary_light",2,"6","red","flashing",1,"right","left","blonde","24","off"
"6310",15,"stationary_light",2,"4","royalblue","flashing",1,"right","left","blonde","24","off"
"656",207.126,"stationary_control",4,"3","white","flashing",1,"left","right","blonde","24","off"
"666",287.221,"stationary_control_stop",8,"3","white","flashing",1,"left","right","blonde","24","off"
"1142",15.558,"stationary_light",2,"1","amber","continuous",1,"right","left","blonde","25","off"
"2135",125.829,"stationary_light_stop",6,"1","amber","continuous",1,"right","left","blonde","25","off"
"932",15.558,"stationary_light",2,"2","blue","continuous",1,"left","right","blonde","25","off"
"1143",15.558,"stationary_control",4,"3","green","continuous",1,"right","left","blonde","25","off"
"1330",15.558,"stationary_light",2,"6","red","continuous",1,"left","right","blonde","25","off"
"1530",15.558,"stationary_light",2,"4","royalblue","continuous",1,"left","right","blonde","25","off"
"1730",15.558,"stationary_control",4,"5","white","continuous",1,"right","left","blonde","25","off"
"2136",180.677,"stationary_light",2,"4","amber","flashing",2,"right","left","blonde","25","off"
"2230",182.715,"stationary_light_stop",6,"4","amber","flashing",2,"right","left","blonde","25","off"
"2330",254.481,"stationary_light",2,"4","amber","flashing",2,"right","left","blonde","25","off"
"2527",51.292,"stationary_control",4,"1","blue","flashing",2,"left","right","blonde","25","off"
"2627",217.673,"stationary_control_stop",8,"1","blue","flashing",2,"left","right","blonde","25","off"
"3517",15.429,"stationary_control",4,"3","green","flashing",2,"left","right","blonde","25","off"
"3617",60.438,"stationary_control_stop",8,"3","green","flashing",2,"left","right","blonde","25","off"
"4914",15.388,"stationary_light",2,"5","royalblue","flashing",2,"right","left","blonde","25","off"
"5412",15.279,"stationary_control",4,"6","white","flashing",2,"left","right","blonde","25","off"
"1144",15.408,"stationary_light",2,"6","amber","continuous",2,"right","left","blonde","26","off"
"3105",15.408,"stationary_control",4,"3","blue","continuous",2,"left","right","blonde","26","off"
"580",15.408,"stationary_light",2,"2","green","continuous",2,"right","left","blonde","26","off"
"738",15.408,"stationary_control",4,"5","red","continuous",2,"left","right","blonde","26","off"
"933",15.408,"stationary_light",2,"4","royalblue","continuous",2,"right","left","blonde","26","off"
"1145",15.408,"stationary_control",4,"1","white","continuous",2,"left","right","blonde","26","off"
"1233",100.062,"stationary_control_stop",8,"1","white","continuous",2,"left","right","blonde","26","off"
"1331",125.603,"stationary_control",4,"1","white","continuous",2,"left","right","blonde","26","off"
"1531",15,"stationary_light",2,"6","amber","flashing",1,"right","left","blonde","26","off"
"1731",52.711,"stationary_control",4,"1","blue","flashing",1,"left","right","blonde","26","off"
"1831",101.882,"stationary_control_stop",8,"1","blue","flashing",1,"left","right","blonde","26","off"
"2031",250.127,"stationary_control",4,"1","blue","flashing",1,"left","right","blonde","26","off"
"2231",15,"stationary_light",2,"2","green","flashing",1,"right","left","blonde","26","off"
"2431",15,"stationary_control",4,"3","red","flashing",1,"left","right","blonde","26","off"
"2628",15,"stationary_light",2,"4","royalblue","flashing",1,"right","left","blonde","26","off"
"2827",15,"stationary_control",4,"5","white","flashing",1,"left","right","blonde","26","off"
"1146",15.264,"stationary_light",2,"4","amber","continuous",2,"left","right","spotted","27","off"
"3106",15.264,"stationary_control",4,"3","blue","continuous",2,"right","left","spotted","27","off"
"590",15.264,"stationary_light",2,"6","green","continuous",2,"left","right","spotted","27","off"
"739",15.264,"stationary_control",4,"1","red","continuous",2,"right","left","spotted","27","off"
"1034",15.264,"stationary_light",2,"2","royalblue","continuous",2,"left","right","spotted","27","off"
"1234",15.264,"stationary_control",4,"5","white","continuous",2,"right","left","spotted","27","off"
"1432",15.237,"stationary_light",2,"3","amber","flashing",1,"right","left","spotted","27","off"
"1632",15.237,"stationary_control",4,"6","blue","flashing",1,"left","right","spotted","27","off"
"1832",15.237,"stationary_control",4,"4","green","flashing",1,"left","right","spotted","27","off"
"2032",15.237,"stationary_light",2,"5","red","flashing",1,"right","left","spotted","27","off"
"2232",15.237,"stationary_light",2,"1","royalblue","flashing",1,"right","left","spotted","27","off"
"2529",15.237,"stationary_control",4,"2","white","flashing",1,"left","right","spotted","27","off"
"6",251.834,"stationary_control",3,"2","green","continuous",1,"right","left","spotted","1","on"
"19",315.539,"stationary_control_stop",7,"6","amber","continuous",2,"left","right","spotted","1","on"
"20",337.867,"stationary_control",3,"6","amber","continuous",2,"left","right","spotted","1","on"
"21",380.967,"stationary_control_stop",7,"6","amber","continuous",2,"left","right","spotted","1","on"
"22",400.534,"stationary_control",3,"6","amber","continuous",2,"left","right","spotted","1","on"
"23",403.534,"stationary_control_stop",7,"6","amber","continuous",2,"left","right","spotted","1","on"
"24",423.767,"stationary_control",3,"6","amber","continuous",2,"left","right","spotted","1","on"
"25",465.766,"stationary_control_stop",7,"6","amber","continuous",2,"left","right","spotted","1","on"
"26",485.399,"stationary_control",3,"6","amber","continuous",2,"left","right","spotted","1","on"
"27",490.166,"stationary_control_stop",7,"6","amber","continuous",2,"left","right","spotted","1","on"
"46",314.304,"stationary_light",1,"3","red","continuous",2,"right","left","spotted","1","on"
"47",389.437,"stationary_light_stop",5,"3","red","continuous",2,"right","left","spotted","1","on"
"49",467.199,"stationary_light",1,"3","red","continuous",2,"right","left","spotted","1","on"
"55",340.833,"stationary_light",1,"4","royalblue","continuous",2,"left","right","spotted","1","on"
"56",539.701,"stationary_light_stop",5,"4","royalblue","continuous",2,"left","right","spotted","1","on"
"57",568.267,"stationary_light",1,"4","royalblue","continuous",2,"left","right","spotted","1","on"
"68",443.233,"stationary_light",1,"6","amber","flashing",1,"right","left","spotted","1","on"
"69",479.099,"stationary_light_stop",5,"6","amber","flashing",1,"right","left","spotted","1","on"
"71",548.4,"stationary_light",1,"6","amber","flashing",1,"right","left","spotted","1","on"
"76",381.24,"stationary_light",1,"3","blue","flashing",1,"left","right","spotted","1","on"
"77",423.167,"stationary_light_stop",5,"3","blue","flashing",1,"left","right","spotted","1","on"
"79",523.134,"stationary_light",1,"3","blue","flashing",1,"left","right","spotted","1","on"
"80",549.439,"stationary_light_stop",5,"3","blue","flashing",1,"left","right","spotted","1","on"
"81",595.1,"stationary_control",3,"3","blue","flashing",1,"left","right","spotted","1","on"
"89",335.034,"stationary_control",3,"4","red","flashing",1,"right","left","spotted","1","on"
"90",436.299,"stationary_control_stop",7,"4","red","flashing",1,"right","left","spotted","1","on"
"92",524.799,"stationary_light",1,"4","red","flashing",1,"right","left","spotted","1","on"
"98",446.735,"stationary_control_stop",7,"2","green","flashing",2,"right","left","spotted","1","on"
"99",480.134,"stationary_control",3,"2","green","flashing",2,"right","left","spotted","1","on"
"100",570.034,"stationary_control_stop",7,"2","green","flashing",2,"right","left","spotted","1","on"
"110",358.075,"stationary_light",1,"1","white","flashing",2,"left","right","spotted","1","on"
"111",431.14,"stationary_light_stop",5,"1","white","flashing",2,"left","right","spotted","1","on"
"117",593.599,"stationary_light",1,"1","white","flashing",2,"left","right","spotted","1","on"
"204",488.668,"stationary_control",3,"5","red","continuous",1,"right","left","spotted","3","on"
"205",549.869,"stationary_control_stop",7,"5","red","continuous",1,"right","left","spotted","3","on"
"227",524.5,"stationary_control",3,"3","green","flashing",2,"left","right","spotted","3","on"
"237",330.034,"stationary_control_stop",7,"5","white","flashing",2,"left","right","spotted","3","on"
"238",350.934,"stationary_control",3,"5","white","flashing",2,"left","right","spotted","3","on"
"249",308.605,"stationary_control",3,"1","royalblue","continuous",1,"left","right","spotted","4","on"
"259",383.368,"stationary_light_stop",5,"2","amber","flashing",2,"left","right","spotted","4","on"
"261",493.256,"stationary_control",3,"2","amber","flashing",2,"left","right","spotted","4","on"
"262",510.495,"stationary_control_stop",7,"2","amber","flashing",2,"left","right","spotted","4","on"
"263",536.598,"stationary_control",3,"2","amber","flashing",2,"left","right","spotted","4","on"
"264",563.741,"stationary_control_stop",7,"2","amber","flashing",2,"left","right","spotted","4","on"
"274",304.425,"stationary_control",3,"3","blue","flashing",2,"right","left","spotted","4","on"
"275",311.354,"stationary_control_stop",7,"3","blue","flashing",2,"right","left","spotted","4","on"
"277",400.35,"stationary_control",3,"3","blue","flashing",2,"right","left","spotted","4","on"
"1410",459.13,"stationary_light",1,"2","green","continuous",2,"left","right","blonde","5","on"
"2710",436.999,"stationary_light",1,"5","amber","flashing",1,"left","right","blonde","5","on"
"361",374.823,"stationary_light",1,"3","blue","flashing",1,"left","right","blonde","5","on"
"431",391.808,"stationary_light_stop",5,"1","royalblue","flashing",1,"left","right","blonde","5","on"
"511",496.667,"stationary_control_stop",7,"3","blue","continuous",1,"left","right","blonde","6","on"
"610",563.494,"stationary_control",3,"3","blue","continuous",1,"left","right","blonde","6","on"
"1711",499.666,"stationary_light",1,"1","red","continuous",2,"left","right","blonde","6","on"
"2411",388.734,"stationary_light",1,"2","white","continuous",1,"right","left","blonde","6","on"
"2511",407.533,"stationary_light_stop",5,"2","white","continuous",1,"right","left","blonde","6","on"
"781",322.439,"stationary_light",1,"5","white","flashing",2,"right","left","blonde","6","on"
"811",336.167,"stationary_control_stop",7,"2","blue","continuous",2,"left","right","blonde","7","on"
"912",368.384,"stationary_control",3,"2","blue","continuous",2,"left","right","blonde","7","on"
"1412",523.013,"stationary_light",1,"6","green","continuous",2,"left","right","blonde","7","on"
"2212",587.399,"stationary_control_stop",7,"4","royalblue","continuous",2,"left","right","blonde","7","on"
"303",421.563,"stationary_light",1,"3","white","continuous",2,"right","left","blonde","7","on"
"353",447.257,"stationary_light",1,"2","amber","flashing",1,"right","left","blonde","7","on"
"363",490.835,"stationary_light_stop",5,"2","amber","flashing",1,"right","left","blonde","7","on"
"522",351.942,"stationary_control",3,"1","red","flashing",1,"left","right","blonde","7","on"
"532",378.767,"stationary_control_stop",7,"1","red","flashing",1,"left","right","blonde","7","on"
"542",466.943,"stationary_control",3,"1","red","flashing",1,"left","right","blonde","7","on"
"1813",303.597,"stationary_light",1,"2","red","continuous",1,"right","left","blonde","8","on"
"354",304.162,"stationary_light",1,"1","green","flashing",2,"right","left","blonde","8","on"
"364",380.134,"stationary_light_stop",5,"1","green","flashing",2,"right","left","blonde","8","on"
"394",487.633,"stationary_light",1,"1","green","flashing",2,"right","left","blonde","8","on"
"1014",512.7,"stationary_light",1,"1","amber","continuous",2,"right","left","blonde","9","on"
"1114",518.567,"stationary_light_stop",5,"1","amber","continuous",2,"right","left","blonde","9","on"
"2114",407.4,"stationary_control_stop",7,"2","green","continuous",2,"left","right","blonde","9","on"
"2214",585.815,"stationary_control",3,"2","green","continuous",2,"left","right","blonde","9","on"
"2115",311.733,"stationary_light",1,"2","royalblue","continuous",2,"right","left","spotted","10","on"
"2815",363.239,"stationary_control",3,"6","amber","flashing",1,"left","right","spotted","10","on"
"524",337.7,"stationary_light",1,"1","amber","continuous",1,"left","right","smalleye","12","on"
"617",341.333,"stationary_light_stop",5,"1","amber","continuous",1,"left","right","smalleye","12","on"
"917",553.367,"stationary_light",1,"1","amber","continuous",1,"left","right","smalleye","12","on"
"1017",579.233,"stationary_light_stop",5,"1","amber","continuous",1,"left","right","smalleye","12","on"
"337",326.267,"stationary_light",1,"2","royalblue","continuous",2,"right","left","smalleye","12","on"
"347",334.366,"stationary_light_stop",5,"2","royalblue","continuous",2,"right","left","smalleye","12","on"
"357",390.966,"stationary_control",3,"2","royalblue","continuous",2,"right","left","smalleye","12","on"
"367",450.367,"stationary_control_stop",7,"2","royalblue","continuous",2,"right","left","smalleye","12","on"
"377",560.269,"stationary_light",1,"2","royalblue","continuous",2,"right","left","smalleye","12","on"
"1118",327.37,"stationary_control_stop",7,"3","green","continuous",1,"right","left","smalleye","13","on"
"1418",457.069,"stationary_light",1,"3","green","continuous",1,"right","left","smalleye","13","on"
"1918",404.167,"stationary_light_stop",5,"1","red","continuous",1,"right","left","smalleye","13","on"
"348",326.983,"stationary_control",3,"2","white","continuous",1,"left","right","smalleye","13","on"
"358",331.77,"stationary_control_stop",7,"2","white","continuous",1,"left","right","smalleye","13","on"
"378",515.93,"stationary_light",1,"2","white","continuous",1,"left","right","smalleye","13","on"
"388",540.104,"stationary_light_stop",5,"2","white","continuous",1,"left","right","smalleye","13","on"
"544",337.607,"stationary_control",3,"1","red","flashing",2,"right","left","smalleye","13","on"
"554",369.634,"stationary_control_stop",7,"1","red","flashing",2,"right","left","smalleye","13","on"
"584",483.134,"stationary_control",3,"1","red","flashing",2,"right","left","smalleye","13","on"
"594",518.366,"stationary_control_stop",7,"1","red","flashing",2,"right","left","smalleye","13","on"
"619",583.734,"stationary_light",1,"1","red","flashing",2,"right","left","smalleye","13","on"
"919",520.817,"stationary_light",1,"6","amber","continuous",1,"right","left","blonde","14","on"
"702",521.107,"stationary_control",3,"2","white","flashing",2,"right","left","blonde","14","on"
"7110",538.203,"stationary_control_stop",7,"2","white","flashing",2,"right","left","blonde","14","on"
"819",580.993,"stationary_light",1,"4","amber","continuous",2,"left","right","blonde","15","on"
"2421",421.865,"stationary_control",3,"2","white","continuous",2,"right","left","blonde","16","on"
"2520",506.441,"stationary_control_stop",7,"2","white","continuous",2,"right","left","blonde","16","on"
"3711",425.266,"stationary_light",1,"2","red","flashing",2,"right","left","blonde","16","on"
"629",453.609,"stationary_light",1,"5","amber","continuous",2,"right","left","blonde","19","on"
"727",461.211,"stationary_light_stop",5,"5","amber","continuous",2,"right","left","blonde","19","on"
"823",586.544,"stationary_light",1,"5","amber","continuous",2,"right","left","blonde","19","on"
"2225",412.648,"stationary_control",3,"3","blue","flashing",2,"left","right","blonde","20","on"
"730",310.889,"stationary_control",3,"1","amber","continuous",2,"right","left","spotted","21","on"
"826",328.233,"stationary_control_stop",7,"1","amber","continuous",2,"right","left","spotted","21","on"
"927",433.764,"stationary_control",3,"1","amber","continuous",2,"right","left","spotted","21","on"
"1027",456.334,"stationary_control_stop",7,"1","amber","continuous",2,"right","left","spotted","21","on"
"1134",477.905,"stationary_control",3,"1","amber","continuous",2,"right","left","spotted","21","on"
"1227",547.134,"stationary_control_stop",7,"1","amber","continuous",2,"right","left","spotted","21","on"
"2723",312.884,"stationary_control",3,"3","blue","continuous",2,"right","left","spotted","21","on"
"2823",328.934,"stationary_control_stop",7,"3","blue","continuous",2,"right","left","spotted","21","on"
"3118",454.378,"stationary_light",1,"3","blue","continuous",2,"right","left","spotted","21","on"
"4612",423.166,"stationary_control_stop",7,"2","white","continuous",2,"left","right","spotted","21","on"
"4712",516.026,"stationary_light",1,"2","white","continuous",2,"left","right","spotted","21","on"
"4812",597.406,"stationary_light_stop",5,"2","white","continuous",2,"left","right","spotted","21","on"
"655",436.965,"stationary_control",3,"3","blue","flashing",1,"right","left","spotted","21","on"
"665",465.659,"stationary_control_stop",7,"3","blue","flashing",1,"right","left","spotted","21","on"
"753",324.506,"stationary_light_stop",5,"2","red","flashing",1,"left","right","spotted","21","on"
"1528",445.868,"stationary_light_stop",5,"3","white","continuous",2,"right","left","spotted","23","on"
"1828",546.715,"stationary_light",1,"3","white","continuous",2,"right","left","spotted","23","on"
"1529",536.292,"stationary_control",3,"1","blue","continuous",2,"left","right","blonde","24","on"
"4314",564.321,"stationary_control",3,"3","white","continuous",2,"left","right","blonde","24","on"
"675",307.191,"stationary_control",3,"3","white","flashing",1,"left","right","blonde","24","on"
"4103",390.403,"stationary_light",1,"1","amber","continuous",1,"right","left","blonde","25","on"
"570",417.586,"stationary_light_stop",5,"1","amber","continuous",1,"right","left","blonde","25","on"
"737",513.355,"stationary_control",3,"1","amber","continuous",1,"right","left","blonde","25","on"
"3219",515.314,"stationary_control",3,"1","blue","flashing",2,"left","right","blonde","25","on"
"3318",547.205,"stationary_control_stop",7,"1","blue","flashing",2,"left","right","blonde","25","on"
"4414",367.77,"stationary_light",1,"1","red","flashing",2,"right","left","blonde","25","on"
"4514",382.042,"stationary_light_stop",5,"1","red","flashing",2,"right","left","blonde","25","on"
"4614",481.155,"stationary_light",1,"1","red","flashing",2,"right","left","blonde","25","on"
"4714",533.719,"stationary_light_stop",5,"1","red","flashing",2,"right","left","blonde","25","on"
"5013",343.194,"stationary_light_stop",5,"5","royalblue","flashing",2,"right","left","blonde","25","on"
"5214",373.486,"stationary_light",1,"5","royalblue","flashing",2,"right","left","blonde","25","on"
"7",449.835,"END",0,"2","green","continuous",1,"right","left","spotted","1","on"
"13",599.599,"END",0,"1","white","continuous",1,"left","right","spotted","1","on"
"31",600,"END",0,"6","amber","continuous",2,"left","right","spotted","1","on"
"35",600,"END",0,"5","blue","continuous",2,"right","left","spotted","1","on"
"50",601.167,"END",0,"3","red","continuous",2,"right","left","spotted","1","on"
"58",602.8,"END",0,"4","royalblue","continuous",2,"left","right","spotted","1","on"
"72",600.067,"END",0,"6","amber","flashing",1,"right","left","spotted","1","on"
"82",600.957,"END",0,"3","blue","flashing",1,"left","right","spotted","1","on"
"93",600.902,"END",0,"4","red","flashing",1,"right","left","spotted","1","on"
"95",600.334,"END",0,"5","royalblue","flashing",1,"left","right","spotted","1","on"
"101",600,"END",0,"2","green","flashing",2,"right","left","spotted","1","on"
"118",599.901,"END",0,"1","white","flashing",2,"left","right","spotted","1","on"
"120",600.269,"END",0,"1","amber","continuous",2,"left","right","spotted","2","on"
"127",600.668,"END",0,"1","blue","continuous",2,"right","left","spotted","2","on"
"130",602.766,"END",0,"5","green","continuous",2,"right","left","spotted","2","on"
"133",600.767,"END",0,"3","red","continuous",2,"right","left","spotted","2","on"
"138",601.1,"END",0,"2","royalblue","continuous",2,"left","right","spotted","2","on"
"141",600.1,"END",0,"4","white","continuous",2,"left","right","spotted","2","on"
"150",601,"END",0,"2","amber","flashing",1,"right","left","spotted","2","on"
"159",601.634,"END",0,"2","blue","flashing",1,"left","right","spotted","2","on"
"167",600.772,"END",0,"6","green","flashing",1,"left","right","spotted","2","on"
"177",601.067,"END",0,"1","red","flashing",1,"right","left","spotted","2","on"
"185",600.639,"END",0,"5","royalblue","flashing",1,"right","left","spotted","2","on"
"193",599.066,"END",0,"4","white","flashing",1,"left","right","spotted","2","on"
"195",600.171,"END",0,"1","amber","continuous",1,"right","left","spotted","3","on"
"197",600.174,"END",0,"3","blue","continuous",1,"right","left","spotted","3","on"
"199",599.907,"END",0,"2","green","continuous",1,"left","right","spotted","3","on"
"206",600.701,"END",0,"5","red","continuous",1,"right","left","spotted","3","on"
"208",600.043,"END",0,"4","royalblue","continuous",1,"left","right","spotted","3","on"
"213",600.176,"END",0,"6","white","continuous",1,"left","right","spotted","3","on"
"217",480.399,"END",0,"1","amber","flashing",2,"left","right","spotted","3","on"
"219",600.999,"END",0,"6","blue","flashing",2,"right","left","spotted","3","on"
"228",600.567,"END",0,"3","green","flashing",2,"left","right","spotted","3","on"
"232",599.467,"END",0,"4","red","flashing",2,"right","left","spotted","3","on"
"235",600.299,"END",0,"2","royalblue","flashing",2,"right","left","spotted","3","on"
"239",599.102,"END",0,"5","white","flashing",2,"left","right","spotted","3","on"
"241",599.335,"END",0,"2","amber","continuous",1,"right","left","spotted","4","on"
"243",599.334,"END",0,"3","blue","continuous",1,"left","right","spotted","4","on"
"245",599.533,"END",0,"5","green","continuous",1,"left","right","spotted","4","on"
"247",601.034,"END",0,"6","red","continuous",1,"right","left","spotted","4","on"
"250",599,"END",0,"1","royalblue","continuous",1,"left","right","spotted","4","on"
"252",599.335,"END",0,"4","white","continuous",1,"right","left","spotted","4","on"
"266",601,"END",0,"2","amber","flashing",2,"left","right","spotted","4","on"
"278",599.769,"END",0,"3","blue","flashing",2,"right","left","spotted","4","on"
"284",600.734,"END",0,"2","green","flashing",2,"right","left","spotted","4","on"
"286",600.606,"END",0,"6","red","flashing",2,"left","right","spotted","4","on"
"288",601.467,"END",0,"5","royalblue","flashing",2,"right","left","spotted","4","on"
"290",599.601,"END",0,"4","white","flashing",2,"left","right","spotted","4","on"
"291",601.933,"END",0,"4","amber","continuous",2,"left","right","blonde","5","on"
"910",599.4,"END",0,"1","blue","continuous",2,"right","left","blonde","5","on"
"1510",600.367,"END",0,"2","green","continuous",2,"left","right","blonde","5","on"
"1710",601.867,"END",0,"2","red","continuous",2,"right","left","blonde","5","on"
"1910",601.068,"END",0,"5","royalblue","continuous",2,"right","left","blonde","5","on"
"2110",600,"END",0,"6","white","continuous",2,"left","right","blonde","5","on"
"2810",600,"END",0,"5","amber","flashing",1,"left","right","blonde","5","on"
"371",599.967,"END",0,"3","blue","flashing",1,"left","right","blonde","5","on"
"391",601.1,"END",0,"6","green","flashing",1,"left","right","blonde","5","on"
"411",599.872,"END",0,"4","red","flashing",1,"right","left","blonde","5","on"
"481",600,"END",0,"1","royalblue","flashing",1,"left","right","blonde","5","on"
"501",600,"END",0,"2","white","flashing",2,"right","left","blonde","5","on"
"293",600.033,"END",0,"4","amber","continuous",1,"right","left","blonde","6","on"
"711",599.567,"END",0,"3","blue","continuous",1,"left","right","blonde","6","on"
"911",599.999,"END",0,"6","green","continuous",1,"right","left","blonde","6","on"
"1811",600.466,"END",0,"1","red","continuous",2,"left","right","blonde","6","on"
"2011",600.334,"END",0,"5","royalblue","continuous",1,"left","right","blonde","6","on"
"294",600,"END",0,"2","white","continuous",1,"right","left","blonde","6","on"
"402",600.441,"END",0,"4","amber","flashing",2,"left","right","blonde","6","on"
"531",602.967,"END",0,"1","blue","flashing",2,"right","left","blonde","6","on"
"601",600.34,"END",0,"3","green","flashing",2,"right","left","blonde","6","on"
"631",600.446,"END",0,"6","red","flashing",2,"left","right","blonde","6","on"
"731",600.667,"END",0,"2","royalblue","flashing",2,"left","right","blonde","6","on"
"801",600.438,"END",0,"5","white","flashing",2,"right","left","blonde","6","on"
"413",600.535,"END",0,"1","amber","continuous",2,"right","left","blonde","7","on"
"1012",601,"END",0,"2","blue","continuous",2,"left","right","blonde","7","on"
"1512",600.101,"END",0,"6","green","continuous",2,"left","right","blonde","7","on"
"2012",604.5,"END",0,"5","red","continuous",2,"right","left","blonde","7","on"
"2312",599.808,"END",0,"4","royalblue","continuous",2,"left","right","blonde","7","on"
"315",600.401,"END",0,"3","white","continuous",2,"right","left","blonde","7","on"
"383",601.3,"END",0,"2","amber","flashing",1,"right","left","blonde","7","on"
"433",600.066,"END",0,"6","blue","flashing",1,"right","left","blonde","7","on"
"453",600.335,"END",0,"4","green","flashing",1,"left","right","blonde","7","on"
"552",600.8,"END",0,"1","red","flashing",1,"left","right","blonde","7","on"
"572",600.436,"END",0,"4","royalblue","flashing",1,"right","left","blonde","7","on"
"592",600.601,"END",0,"5","white","flashing",1,"left","right","blonde","7","on"
"297",600.434,"END",0,"6","amber","continuous",1,"right","left","blonde","8","on"
"415",600.434,"END",0,"3","blue","continuous",1,"left","right","blonde","8","on"
"1513",600.734,"END",0,"1","green","continuous",1,"left","right","blonde","8","on"
"1913",601.267,"END",0,"2","red","continuous",1,"right","left","blonde","8","on"
"2113",600.434,"END",0,"4","royalblue","continuous",1,"right","left","blonde","8","on"
"2313",600.434,"END",0,"5","white","continuous",1,"left","right","blonde","8","on"
"298",599.901,"END",0,"3","amber","flashing",2,"right","left","blonde","8","on"
"317",600.566,"END",0,"5","blue","flashing",2,"right","left","blonde","8","on"
"404",599.167,"END",0,"1","green","flashing",2,"right","left","blonde","8","on"
"424",600.168,"END",0,"4","red","flashing",2,"left","right","blonde","8","on"
"504",600,"END",0,"2","royalblue","flashing",2,"left","right","blonde","8","on"
"523",600.133,"END",0,"6","white","flashing",2,"left","right","blonde","8","on"
"1314",603,"END",0,"1","amber","continuous",2,"right","left","blonde","9","on"
"1514",600,"END",0,"4","blue","continuous",2,"left","right","blonde","9","on"
"2314",603.067,"END",0,"2","green","continuous",2,"left","right","blonde","9","on"
"2514",600,"END",0,"3","red","continuous",2,"right","left","blonde","9","on"
"2714",600,"END",0,"5","royalblue","continuous",2,"right","left","blonde","9","on"
"2910",600,"END",0,"6","white","continuous",2,"left","right","blonde","9","on"
"319",600,"END",0,"4","amber","flashing",1,"right","left","blonde","9","on"
"335",600,"END",0,"3","blue","flashing",1,"left","right","blonde","9","on"
"355",600,"END",0,"5","green","flashing",1,"left","right","blonde","9","on"
"375",600,"END",0,"6","red","flashing",1,"right","left","blonde","9","on"
"395",600,"END",0,"1","royalblue","flashing",1,"left","right","blonde","9","on"
"418",600,"END",0,"2","white","flashing",1,"right","left","blonde","9","on"
"2100",601,"END",0,"5","amber","continuous",2,"left","right","spotted","10","on"
"419",601,"END",0,"3","blue","continuous",2,"left","right","spotted","10","on"
"1515",600.734,"END",0,"1","green","continuous",2,"left","right","spotted","10","on"
"1715",599.399,"END",0,"4","red","continuous",2,"right","left","spotted","10","on"
"2215",600.867,"END",0,"2","royalblue","continuous",2,"right","left","spotted","10","on"
"2415",600.836,"END",0,"6","white","continuous",2,"right","left","spotted","10","on"
"2911",600.667,"END",0,"6","amber","flashing",1,"left","right","spotted","10","on"
"376",599.8,"END",0,"5","blue","flashing",1,"right","left","spotted","10","on"
"4110",599.333,"END",0,"2","green","flashing",2,"left","right","spotted","10","on"
"435",600,"END",0,"3","red","flashing",1,"right","left","spotted","10","on"
"455",600.299,"END",0,"4","royalblue","flashing",1,"left","right","spotted","10","on"
"519",601.634,"END",0,"1","white","flashing",1,"right","left","spotted","10","on"
"2101",600,"END",0,"1","amber","continuous",1,"right","left","spotted","11","on"
"420",600,"END",0,"4","blue","continuous",1,"left","right","spotted","11","on"
"616",600,"END",0,"2","green","continuous",1,"left","right","spotted","11","on"
"815",600,"END",0,"3","red","continuous",1,"right","left","spotted","11","on"
"1016",600,"END",0,"6","royalblue","continuous",1,"left","right","spotted","11","on"
"1216",600,"END",0,"5","white","continuous",1,"right","left","spotted","11","on"
"1416",600,"END",0,"2","amber","flashing",2,"right","left","spotted","11","on"
"1616",600,"END",0,"6","blue","flashing",2,"right","left","spotted","11","on"
"1816",600,"END",0,"3","green","flashing",2,"left","right","spotted","11","on"
"2016",600,"END",0,"1","red","flashing",2,"left","right","spotted","11","on"
"2216",600,"END",0,"3","royalblue","flashing",2,"left","right","spotted","11","on"
"2416",600,"END",0,"4","white","flashing",2,"right","left","spotted","11","on"
"1117",600.566,"END",0,"1","amber","continuous",1,"left","right","smalleye","12","on"
"1917",601,"END",0,"6","blue","continuous",2,"right","left","smalleye","12","on"
"2117",600.434,"END",0,"4","green","continuous",2,"right","left","smalleye","12","on"
"2317",601.692,"END",0,"3","red","continuous",1,"left","right","smalleye","12","on"
"387",601.042,"END",0,"2","royalblue","continuous",2,"right","left","smalleye","12","on"
"407",601.469,"END",0,"5","white","continuous",2,"left","right","smalleye","12","on"
"427",600.475,"END",0,"6","amber","flashing",1,"right","left","smalleye","12","on"
"446",381.767,"END",0,"2","blue","flashing",1,"right","left","smalleye","12","on"
"506",602.099,"END",0,"1","green","flashing",1,"left","right","smalleye","12","on"
"525",600.936,"END",0,"3","red","flashing",1,"left","right","smalleye","12","on"
"583",602.101,"END",0,"5","royalblue","flashing",1,"left","right","smalleye","12","on"
"602",600.758,"END",0,"4","white","flashing",1,"right","left","smalleye","12","on"
"2103",600.734,"END",0,"5","amber","continuous",1,"right","left","smalleye","13","on"
"428",600.669,"END",0,"4","blue","continuous",2,"left","right","smalleye","13","on"
"1618",600.402,"END",0,"3","green","continuous",1,"right","left","smalleye","13","on"
"2318",601.367,"END",0,"1","red","continuous",1,"right","left","smalleye","13","on"
"2517",600.701,"END",0,"6","royalblue","continuous",1,"left","right","smalleye","13","on"
"408",601.001,"END",0,"2","white","continuous",1,"left","right","smalleye","13","on"
"429",600.267,"END",0,"6","blue","flashing",2,"right","left","smalleye","13","on"
"457",600.9,"END",0,"2","green","flashing",2,"left","right","smalleye","13","on"
"622",600.4,"END",0,"1","red","flashing",2,"right","left","smalleye","13","on"
"642",600.169,"END",0,"4","royalblue","flashing",2,"left","right","smalleye","13","on"
"662",600.599,"END",0,"3","white","flashing",2,"right","left","smalleye","13","on"
"1019",601.594,"END",0,"6","amber","continuous",1,"right","left","blonde","14","on"
"1619",600.067,"END",0,"5","blue","continuous",1,"left","right","blonde","14","on"
"2119",599.722,"END",0,"3","green","continuous",1,"left","right","blonde","14","on"
"2518",600,"END",0,"4","red","continuous",1,"right","left","blonde","14","on"
"3113",600,"END",0,"1","royalblue","continuous",1,"left","right","blonde","14","on"
"458",600.399,"END",0,"2","white","continuous",1,"right","left","blonde","14","on"
"478",600,"END",0,"5","amber","flashing",2,"left","right","blonde","14","on"
"498",600,"END",0,"4","blue","flashing",2,"right","left","blonde","14","on"
"565",601.233,"END",0,"1","green","flashing",2,"left","right","blonde","14","on"
"585",600,"END",0,"6","red","flashing",2,"right","left","blonde","14","on"
"653",604.685,"END",0,"3","royalblue","flashing",2,"left","right","blonde","14","on"
"722",603.333,"END",0,"2","white","flashing",2,"right","left","blonde","14","on"
"920",600.866,"END",0,"4","amber","continuous",2,"left","right","blonde","15","on"
"1620",599.668,"END",0,"1","blue","continuous",2,"right","left","blonde","15","on"
"1820",600.143,"END",0,"6","green","continuous",2,"left","right","blonde","15","on"
"2020",600.946,"END",0,"5","red","continuous",2,"right","left","blonde","15","on"
"2819",600.899,"END",0,"3","royalblue","continuous",2,"right","left","blonde","15","on"
"4010",599.167,"END",0,"2","white","continuous",2,"left","right","blonde","15","on"
"4211",600,"END",0,"5","amber","flashing",1,"right","left","blonde","15","on"
"469",602.858,"END",0,"2","blue","flashing",1,"left","right","blonde","15","on"
"489",600,"END",0,"6","green","flashing",1,"left","right","blonde","15","on"
"509",600,"END",0,"3","red","flashing",1,"right","left","blonde","15","on"
"605",600,"END",0,"1","royalblue","flashing",1,"right","left","blonde","15","on"
"625",600,"END",0,"4","white","flashing",1,"left","right","blonde","15","on"
"2106",599.908,"END",0,"3","amber","continuous",1,"left","right","blonde","16","on"
"1321",602.901,"END",0,"1","blue","continuous",1,"left","right","blonde","16","on"
"1521",600,"END",0,"5","green","continuous",1,"left","right","blonde","16","on"
"1721",600,"END",0,"4","red","continuous",1,"right","left","blonde","16","on"
"1921",600,"END",0,"6","royalblue","continuous",1,"right","left","blonde","16","on"
"2620",602,"END",0,"2","white","continuous",2,"right","left","blonde","16","on"
"2820",600,"END",0,"3","amber","flashing",2,"left","right","blonde","16","on"
"3011",600,"END",0,"5","blue","flashing",2,"left","right","blonde","16","on"
"3213",600,"END",0,"4","green","flashing",2,"right","left","blonde","16","on"
"3811",600.357,"END",0,"2","red","flashing",2,"right","left","blonde","16","on"
"4011",600,"END",0,"6","royalblue","flashing",2,"left","right","blonde","16","on"
"4910",600,"END",0,"1","white","flashing",2,"left","right","blonde","16","on"
"2107",600,"END",0,"1","amber","continuous",2,"right","left","spotted","17","on"
"450",600,"END",0,"5","blue","continuous",2,"right","left","spotted","17","on"
"627",600,"END",0,"6","green","continuous",2,"left","right","spotted","17","on"
"821",600,"END",0,"3","red","continuous",2,"right","left","spotted","17","on"
"1022",600,"END",0,"2","royalblue","continuous",2,"left","right","spotted","17","on"
"1222",600,"END",0,"4","white","continuous",2,"left","right","spotted","17","on"
"1422",600,"END",0,"1","amber","flashing",1,"right","left","spotted","17","on"
"1622",600,"END",0,"6","blue","flashing",1,"left","right","spotted","17","on"
"1822",600,"END",0,"2","green","flashing",1,"left","right","spotted","17","on"
"2022",600,"END",0,"4","red","flashing",1,"left","right","spotted","17","on"
"2222",600,"END",0,"5","royalblue","flashing",1,"right","left","spotted","17","on"
"2422",600,"END",0,"1","white","flashing",1,"right","left","spotted","17","on"
"2108",600,"END",0,"4","amber","continuous",1,"right","left","spotted","18","on"
"460",600,"END",0,"6","blue","continuous",1,"right","left","spotted","18","on"
"628",600,"END",0,"2","green","continuous",1,"right","left","spotted","18","on"
"822",600,"END",0,"3","red","continuous",1,"left","right","spotted","18","on"
"1023",600,"END",0,"5","royalblue","continuous",1,"left","right","spotted","18","on"
"1223",600,"END",0,"1","white","continuous",1,"left","right","spotted","18","on"
"1423",600,"END",0,"4","amber","flashing",2,"right","left","spotted","18","on"
"1623",600,"END",0,"6","blue","flashing",2,"right","left","spotted","18","on"
"1823",600,"END",0,"5","green","flashing",2,"left","right","spotted","18","on"
"2023",600,"END",0,"1","red","flashing",2,"left","right","spotted","18","on"
"2223",600,"END",0,"2","royalblue","flashing",2,"right","left","spotted","18","on"
"2423",600,"END",0,"3","white","flashing",2,"left","right","spotted","18","on"
"924",601.434,"END",0,"5","amber","continuous",2,"right","left","blonde","19","on"
"1624",601,"END",0,"1","blue","continuous",2,"right","left","blonde","19","on"
"2917",599,"END",0,"3","green","continuous",2,"right","left","blonde","19","on"
"3912",601.433,"END",0,"6","red","continuous",2,"left","right","blonde","19","on"
"4213",601,"END",0,"2","royalblue","continuous",2,"left","right","blonde","19","on"
"5211",601.033,"END",0,"4","white","continuous",2,"left","right","blonde","19","on"
"654",599.899,"END",0,"4","amber","flashing",2,"left","right","blonde","19","on"
"693",599.166,"END",0,"5","blue","flashing",1,"right","left","blonde","19","on"
"871",601.58,"END",0,"2","green","flashing",1,"left","right","blonde","19","on"
"1131",600.633,"END",0,"1","red","flashing",1,"right","left","blonde","19","on"
"1151",600.333,"END",0,"3","royalblue","flashing",1,"right","left","blonde","19","on"
"1251",600,"END",0,"6","white","flashing",1,"left","right","blonde","19","on"
"2125",600,"END",0,"2","amber","continuous",1,"right","left","blonde","20","on"
"729",599.495,"END",0,"1","blue","continuous",1,"left","right","blonde","20","on"
"926",600,"END",0,"6","green","continuous",1,"right","left","blonde","20","on"
"1132",600,"END",0,"4","red","continuous",1,"right","left","blonde","20","on"
"1325",600,"END",0,"5","royalblue","continuous",1,"left","right","blonde","20","on"
"1525",600,"END",0,"3","white","continuous",1,"left","right","blonde","20","on"
"1725",600.245,"END",0,"2","amber","flashing",2,"right","left","blonde","20","on"
"2325",599.801,"END",0,"3","blue","flashing",2,"left","right","blonde","20","on"
"2522",600.249,"END",0,"5","green","flashing",2,"right","left","blonde","20","on"
"3413",601.94,"END",0,"1","red","flashing",2,"left","right","blonde","20","on"
"3613",600.249,"END",0,"6","royalblue","flashing",2,"left","right","blonde","20","on"
"3913",600.612,"END",0,"4","white","flashing",2,"left","right","blonde","20","on"
"1626",600.9,"END",0,"1","amber","continuous",2,"right","left","spotted","21","on"
"3315",603.9,"END",0,"3","blue","continuous",2,"right","left","spotted","21","on"
"3514",600.667,"END",0,"5","green","continuous",2,"right","left","spotted","21","on"
"3714",601,"END",0,"6","red","continuous",2,"left","right","spotted","21","on"
"3914",601.867,"END",0,"4","royalblue","continuous",2,"left","right","spotted","21","on"
"4912",601,"END",0,"2","white","continuous",2,"left","right","spotted","21","on"
"5115",600.203,"END",0,"6","amber","flashing",1,"left","right","spotted","21","on"
"684",594,"END",0,"3","blue","flashing",1,"right","left","spotted","21","on"
"733",601.629,"END",0,"5","green","flashing",1,"right","left","spotted","21","on"
"763",600.203,"END",0,"2","red","flashing",1,"left","right","spotted","21","on"
"8111",600,"END",0,"1","royalblue","flashing",1,"right","left","spotted","21","on"
"852",599.524,"END",0,"4","white","flashing",1,"left","right","spotted","21","on"
"2129",600,"END",0,"5","amber","continuous",1,"left","right","spotted","22","on"
"4100",600,"END",0,"4","blue","continuous",1,"right","left","spotted","22","on"
"637",600,"END",0,"1","green","continuous",1,"left","right","spotted","22","on"
"828",600,"END",0,"6","red","continuous",1,"right","left","spotted","22","on"
"1136",601.544,"END",0,"2","royalblue","continuous",1,"right","left","spotted","22","on"
"1327",600,"END",0,"3","white","continuous",1,"left","right","spotted","22","on"
"1627",600.625,"END",0,"4","amber","flashing",2,"right","left","spotted","22","on"
"1827",600,"END",0,"5","blue","flashing",2,"left","right","spotted","22","on"
"2027",600,"END",0,"2","green","flashing",2,"right","left","spotted","22","on"
"2227",600,"END",0,"6","red","flashing",2,"right","left","spotted","22","on"
"2427",600,"END",0,"3","royalblue","flashing",2,"left","right","spotted","22","on"
"2624",600,"END",0,"1","white","flashing",2,"left","right","spotted","22","on"
"4101",601.673,"END",0,"4","amber","continuous",2,"left","right","spotted","23","on"
"735",603.408,"END",0,"6","blue","continuous",2,"left","right","spotted","23","on"
"929",599.139,"END",0,"1","green","continuous",2,"right","left","spotted","23","on"
"1138",603.769,"END",0,"5","red","continuous",2,"right","left","spotted","23","on"
"1328",601.703,"END",0,"2","royalblue","continuous",2,"left","right","spotted","23","on"
"1928",599.333,"END",0,"3","white","continuous",2,"right","left","spotted","23","on"
"2132",600,"END",0,"6","amber","flashing",1,"left","right","spotted","23","on"
"2328",600,"END",0,"4","blue","flashing",1,"left","right","spotted","23","on"
"2525",600,"END",0,"5","green","flashing",1,"right","left","spotted","23","on"
"2724",600,"END",0,"3","red","flashing",1,"right","left","spotted","23","on"
"2920",600,"END",0,"2","royalblue","flashing",1,"left","right","spotted","23","on"
"3715",599.833,"END",0,"1","white","flashing",1,"right","left","spotted","23","on"
"736",600.756,"END",0,"2","amber","continuous",2,"right","left","blonde","24","on"
"1629",603.418,"END",0,"1","blue","continuous",2,"left","right","blonde","24","on"
"2626",603.769,"END",0,"6","green","continuous",2,"right","left","blonde","24","on"
"3317",600.795,"END",0,"5","red","continuous",2,"left","right","blonde","24","on"
"3616",599.749,"END",0,"4","royalblue","continuous",2,"right","left","blonde","24","on"
"4413",601.37,"END",0,"3","white","continuous",2,"left","right","blonde","24","on"
"4913",599.467,"END",0,"5","amber","flashing",1,"left","right","blonde","24","on"
"5213",603.133,"END",0,"2","blue","flashing",1,"right","left","blonde","24","on"
"608",602.5,"END",0,"1","green","flashing",1,"left","right","blonde","24","on"
"6212",600,"END",0,"6","red","flashing",1,"right","left","blonde","24","on"
"646",600,"END",0,"4","royalblue","flashing",1,"right","left","blonde","24","on"
"695",603.699,"END",0,"3","white","flashing",1,"left","right","blonde","24","on"
"833",601.3,"END",0,"1","amber","continuous",1,"right","left","blonde","25","on"
"1032",601.3,"END",0,"2","blue","continuous",1,"left","right","blonde","25","on"
"1232",601.3,"END",0,"3","green","continuous",1,"right","left","blonde","25","on"
"1430",601.3,"END",0,"6","red","continuous",1,"left","right","blonde","25","on"
"1630",601.3,"END",0,"4","royalblue","continuous",1,"left","right","blonde","25","on"
"1830",601.3,"END",0,"5","white","continuous",1,"right","left","blonde","25","on"
"2430",602.296,"END",0,"4","amber","flashing",2,"right","left","blonde","25","on"
"3417",599.259,"END",0,"1","blue","flashing",2,"left","right","blonde","25","on"
"4315",601.635,"END",0,"3","green","flashing",2,"left","right","blonde","25","on"
"4814",599.408,"END",0,"1","red","flashing",2,"right","left","blonde","25","on"
"5313",600.034,"END",0,"5","royalblue","flashing",2,"right","left","blonde","25","on"
"5511",602.052,"END",0,"6","white","flashing",2,"left","right","blonde","25","on"
"2137",600.239,"END",0,"6","amber","continuous",2,"right","left","blonde","26","on"
"4104",600.239,"END",0,"3","blue","continuous",2,"left","right","blonde","26","on"
"647",600.239,"END",0,"2","green","continuous",2,"right","left","blonde","26","on"
"834",600.239,"END",0,"5","red","continuous",2,"left","right","blonde","26","on"
"1033",600.239,"END",0,"4","royalblue","continuous",2,"right","left","blonde","26","on"
"1431",600.239,"END",0,"1","white","continuous",2,"left","right","blonde","26","on"
"1631",603.939,"END",0,"6","amber","flashing",1,"right","left","blonde","26","on"
"2138",603.939,"END",0,"1","blue","flashing",1,"left","right","blonde","26","on"
"2331",603.939,"END",0,"2","green","flashing",1,"right","left","blonde","26","on"
"2528",603.939,"END",0,"3","red","flashing",1,"left","right","blonde","26","on"
"2727",603.939,"END",0,"4","royalblue","flashing",1,"right","left","blonde","26","on"
"2923",603.939,"END",0,"5","white","flashing",1,"left","right","blonde","26","on"
"2139",599.268,"END",0,"4","amber","continuous",2,"left","right","spotted","27","on"
"4105",599.268,"END",0,"3","blue","continuous",2,"right","left","spotted","27","on"
"648",599.268,"END",0,"6","green","continuous",2,"left","right","spotted","27","on"
"934",599.268,"END",0,"1","red","continuous",2,"right","left","spotted","27","on"
"1147",599.268,"END",0,"2","royalblue","continuous",2,"left","right","spotted","27","on"
"1332",599.268,"END",0,"5","white","continuous",2,"right","left","spotted","27","on"
"1532",601.755,"END",0,"3","amber","flashing",1,"right","left","spotted","27","on"
"1732",601.755,"END",0,"6","blue","flashing",1,"left","right","spotted","27","on"
"1932",601.755,"END",0,"4","green","flashing",1,"left","right","spotted","27","on"
"2140",601.755,"END",0,"5","red","flashing",1,"right","left","spotted","27","on"
"2432",601.755,"END",0,"1","royalblue","flashing",1,"right","left","spotted","27","on"
"2629",601.755,"END",0,"2","white","flashing",1,"left","right","spotted","27","on"
